[ref] model   : /home/teaonly/workspace/qwen3-0.6b
[ref] dtype   : fp16  device: cuda
[ref] prompt  : 'Hello'
[ref] chat    : '<|im_start|>user\nHello<|im_end|>\n<|im_start|>assistant\n'
[ref] ids     : shape=(1, 9) value=[[151644, 872, 198, 9707, 151645, 198, 151644, 77091, 198]]
====== model.embed_tokens
tensor([[[ 0.0005, -0.1118,  0.0223,  ...,  0.0048, -0.0032,  0.0044],
         [-0.0049,  0.0327, -0.0067,  ..., -0.0374,  0.0447,  0.0427],
         [-0.0415,  0.0522, -0.0635,  ..., -0.0449,  0.0256, -0.0344],
         ...,
         [ 0.0005, -0.1118,  0.0223,  ...,  0.0048, -0.0032,  0.0044],
         [ 0.0067, -0.0142,  0.0444,  ...,  0.0229, -0.0210,  0.0125],
         [-0.0415,  0.0522, -0.0635,  ..., -0.0449,  0.0256, -0.0344]]],
       device='cuda:0', dtype=torch.float16)
====== model.layers.0.input_layernorm
tensor([[[ 5.4817e-03, -6.6680e+00,  1.1113e+00,  ...,  5.4016e-02,
          -3.9856e-02,  5.7159e-02],
         [-2.3544e-02,  8.1689e-01, -1.4038e-01,  ..., -1.7505e-01,
           2.3254e-01,  2.3413e-01],
         [-1.8359e-01,  1.2031e+00, -1.2197e+00,  ..., -1.9446e-01,
           1.2311e-01, -1.7407e-01],
         ...,
         [ 5.4817e-03, -6.6680e+00,  1.1113e+00,  ...,  5.4016e-02,
          -3.9856e-02,  5.7159e-02],
         [ 3.0289e-02, -3.3569e-01,  8.7891e-01,  ...,  1.0217e-01,
          -1.0382e-01,  6.4880e-02],
         [-1.8359e-01,  1.2031e+00, -1.2197e+00,  ..., -1.9446e-01,
           1.2311e-01, -1.7407e-01]]], device='cuda:0', dtype=torch.float16)
====== model.layers.0.self_attn.q_proj
tensor([[[ 0.3069,  0.7158,  0.1752,  ..., -0.0833,  0.0349, -0.1459],
         [ 0.1138,  0.2086, -0.0638,  ...,  0.0245, -0.0797,  0.3140],
         [-0.0069, -0.0408, -0.0211,  ..., -0.0540, -0.1670,  0.1582],
         ...,
         [ 0.3069,  0.7158,  0.1752,  ..., -0.0833,  0.0349, -0.1459],
         [ 0.0801,  0.2087,  0.1237,  ..., -0.0861, -0.2316,  0.0815],
         [-0.0069, -0.0408, -0.0211,  ..., -0.0540, -0.1670,  0.1582]]],
       device='cuda:0', dtype=torch.float16)
====== model.layers.0.self_attn.k_proj
tensor([[[ 1.6777,  0.8765,  0.1171,  ..., -0.2607,  0.1378, -0.0298],
         [ 0.3342,  0.0651, -0.0649,  ..., -0.3062, -0.0897, -0.0779],
         [ 0.1214,  0.0691, -0.0022,  ..., -0.1124, -0.0464,  0.0251],
         ...,
         [ 1.6777,  0.8765,  0.1171,  ..., -0.2607,  0.1378, -0.0298],
         [ 0.0790,  0.0034, -0.0796,  ...,  0.2031, -0.1644, -0.1389],
         [ 0.1214,  0.0691, -0.0022,  ..., -0.1124, -0.0464,  0.0251]]],
       device='cuda:0', dtype=torch.float16)
====== model.layers.0.self_attn.v_proj
tensor([[[-0.1528,  0.0848,  0.1252,  ...,  0.1982,  0.0731,  0.0894],
         [ 0.0728, -0.2854, -0.1521,  ..., -0.0592,  0.1274,  0.0351],
         [ 0.0093,  0.0076, -0.0058,  ...,  0.0298, -0.0052,  0.0449],
         ...,
         [-0.1528,  0.0848,  0.1252,  ...,  0.1982,  0.0731,  0.0894],
         [ 0.3098,  0.1182,  0.1495,  ...,  0.0461,  0.0397, -0.0412],
         [ 0.0093,  0.0076, -0.0058,  ...,  0.0298, -0.0052,  0.0449]]],
       device='cuda:0', dtype=torch.float16)
====== model.layers.0.self_attn.o_proj
tensor([[[-1.6777,  1.6270,  0.2913,  ..., -0.1556, -0.0187,  0.0623],
         [-0.8628,  0.4998, -0.5688,  ..., -0.0602,  0.1552,  0.0966],
         [ 0.2617, -0.0632, -0.1505,  ..., -0.0307,  0.1307,  0.0276],
         ...,
         [-1.2070,  1.5059,  0.7334,  ..., -0.0188,  0.0171, -0.0217],
         [-0.3191,  0.8135,  0.0658,  ..., -0.0250,  0.2686,  0.0870],
         [ 0.2778, -0.0706, -0.1017,  ...,  0.0668,  0.1570,  0.1245]]],
       device='cuda:0', dtype=torch.float16)
====== model.layers.0.post_attention_layernorm
tensor([[[-2.9668e+00,  4.5662e-03, -1.7432e+00,  ...,  3.3374e-01,
          -4.3060e-02,  1.4160e-01],
         [-1.7510e+00,  1.8311e-03,  3.6523e+00,  ...,  2.4634e-01,
           4.4800e-01,  3.3813e-01],
         [ 6.0986e-01, -5.1856e-05,  1.8643e+00,  ...,  2.6221e-01,
           4.8145e-01, -2.2614e-02],
         ...,
         [-2.5664e+00,  5.0507e-03, -5.0508e+00,  ...,  3.7140e-02,
           3.2867e-02, -4.4250e-02],
         [-6.9531e-01,  3.0308e-03, -7.7100e-01,  ...,  5.6915e-03,
           6.1230e-01,  2.6611e-01],
         [ 6.6797e-01, -8.8215e-05,  1.4688e+00,  ..., -7.7271e-02,
           5.7373e-01,  3.0566e-01]]], device='cuda:0', dtype=torch.float16)
====== model.layers.0.mlp.gate_proj
tensor([[[ 2.3809e+00,  6.1621e-01,  2.6953e+00,  ..., -5.5811e-01,
          -5.1367e-01, -4.6704e-01],
         [ 1.4082e+00, -8.4375e-01,  4.3672e+00,  ..., -1.8494e-01,
          -2.8442e-01, -6.0693e-01],
         [ 3.0762e-01, -5.2979e-01,  3.2012e+00,  ..., -3.0869e-02,
          -4.0619e-02,  2.2049e-02],
         ...,
         [ 3.0527e+00,  1.4961e+00, -1.4199e+00,  ..., -7.8174e-01,
          -3.1226e-01, -7.4854e-01],
         [ 1.2354e+00,  7.2949e-01,  3.6133e+00,  ..., -3.8062e-01,
           1.8587e-03, -2.0309e-02],
         [ 3.7329e-01, -7.5146e-01,  4.8906e+00,  ..., -1.0876e-01,
          -3.9282e-01, -4.4678e-02]]], device='cuda:0', dtype=torch.float16)
====== model.layers.0.mlp.up_proj
tensor([[[ 1.6377, -0.3357,  0.2083,  ..., -0.0742,  0.4988, -0.4678],
         [ 0.5112, -1.6523,  0.5088,  ..., -0.0251,  0.4473, -0.3674],
         [ 0.1604, -1.4365,  0.4927,  ...,  0.5693,  0.2169,  0.1990],
         ...,
         [ 1.3955,  0.5352, -0.8086,  ..., -0.3071,  0.2874, -0.4666],
         [ 0.0649,  0.0363,  0.2196,  ..., -0.2922,  0.2715, -0.3979],
         [ 0.0404, -1.6846,  0.7856,  ...,  0.1079,  0.0999, -0.0435]]],
       device='cuda:0', dtype=torch.float16)
====== model.layers.0.mlp.down_proj
tensor([[[-0.2983, -0.0806, -1.6680,  ...,  0.2830,  0.4641,  0.7817],
         [ 0.0155, -0.0370,  0.0842,  ...,  0.0309, -0.1010,  0.0634],
         [ 0.1676, -0.1221,  0.1873,  ...,  0.0191,  0.0919, -0.0512],
         ...,
         [-0.1947,  0.4888, -1.4775,  ..., -0.0199,  0.2910,  0.2583],
         [-0.0751,  0.2156, -0.1180,  ...,  0.0038,  0.1530,  0.0109],
         [ 0.2189, -0.0897,  0.2267,  ..., -0.0237,  0.1013, -0.0289]]],
       device='cuda:0', dtype=torch.float16)
====== model.layers.0
tensor([[[-1.9766e+00,  1.4346e+00, -1.3545e+00,  ...,  1.3208e-01,
           4.4214e-01,  8.4863e-01],
         [-8.5205e-01,  4.9512e-01, -4.9146e-01,  ..., -6.6589e-02,
           9.8877e-02,  2.0276e-01],
         [ 3.8770e-01, -1.3306e-01, -2.6733e-02,  ..., -5.6519e-02,
           2.4829e-01, -5.7983e-02],
         ...,
         [-1.4014e+00,  1.8828e+00, -7.2168e-01,  ..., -3.3844e-02,
           3.0493e-01,  2.4097e-01],
         [-3.8770e-01,  1.0146e+00, -7.7515e-03,  ...,  1.7529e-03,
           4.0039e-01,  1.1041e-01],
         [ 4.5508e-01, -1.0803e-01,  6.1401e-02,  ..., -1.8616e-03,
           2.8394e-01,  6.1157e-02]]], device='cuda:0', dtype=torch.float16)
====== model.layers.1.input_layernorm
tensor([[[-9.9023e-01,  1.2393e+00,  6.3184e-01,  ...,  4.9866e-02,
           1.2952e-01,  2.8540e-01],
         [-6.6260e-01,  6.6357e-01,  3.5571e-01,  ..., -3.9001e-02,
           4.4952e-02,  1.0583e-01],
         [ 2.4536e-01, -1.4514e-01,  1.5747e-02,  ..., -2.6962e-02,
           9.1858e-02, -2.4628e-02],
         ...,
         [-7.4023e-01,  1.7129e+00,  3.5474e-01,  ..., -1.3458e-02,
           9.4116e-02,  8.5388e-02],
         [-3.1543e-01,  1.4229e+00,  5.8708e-03,  ...,  1.0748e-03,
           1.9043e-01,  6.0272e-02],
         [ 3.9575e-01, -1.6174e-01, -4.9683e-02,  ..., -1.2188e-03,
           1.4417e-01,  3.5675e-02]]], device='cuda:0', dtype=torch.float16)
====== model.layers.1.self_attn.q_proj
tensor([[[ 0.2358,  0.1344,  0.4731,  ...,  0.0178,  0.0257, -0.0906],
         [ 0.1014, -0.0547, -0.1467,  ..., -0.0742, -0.0982, -0.0928],
         [ 0.0050,  0.1343, -0.0541,  ..., -0.2349,  0.1218,  0.0227],
         ...,
         [ 0.1052, -0.0160,  0.0461,  ..., -0.1936,  0.1272, -0.1036],
         [-0.0378,  0.0963, -0.0906,  ...,  0.1832,  0.0949,  0.0914],
         [-0.0844,  0.0827, -0.2159,  ..., -0.2178,  0.1285, -0.1522]]],
       device='cuda:0', dtype=torch.float16)
====== model.layers.1.self_attn.k_proj
tensor([[[ 0.4895,  0.1642,  0.1027,  ...,  0.0522,  0.0790, -0.0856],
         [ 0.2642,  0.0995,  0.0560,  ..., -0.0633, -0.2898, -0.1781],
         [ 0.1019, -0.1390,  0.0817,  ..., -0.5269,  0.1781,  0.0203],
         ...,
         [ 0.2805, -0.0993, -0.0764,  ..., -0.2015,  0.1948, -0.1021],
         [ 0.2401, -0.0119, -0.0195,  ...,  0.2888,  0.0510,  0.1082],
         [ 0.1586, -0.1383,  0.1947,  ..., -0.4941,  0.1996, -0.2164]]],
       device='cuda:0', dtype=torch.float16)
====== model.layers.1.self_attn.v_proj
tensor([[[-3.3875e-02, -6.9214e-02,  5.4688e-02,  ..., -1.3245e-01,
          -3.6646e-01,  4.5410e-02],
         [ 2.5253e-02, -5.0842e-02,  3.3379e-05,  ..., -2.3254e-02,
          -2.9492e-01,  4.8370e-02],
         [ 6.2317e-02, -8.7769e-02,  1.3879e-01,  ...,  4.5959e-02,
          -6.2408e-03, -2.0981e-02],
         ...,
         [ 1.2329e-02,  4.0970e-03,  9.9854e-02,  ..., -1.0028e-01,
          -2.6807e-01,  5.8655e-02],
         [-1.8661e-02, -1.5784e-01, -2.0996e-01,  ..., -1.9547e-02,
          -1.3220e-01,  3.9551e-02],
         [ 3.2776e-02, -5.4840e-02,  4.6875e-02,  ...,  3.9459e-02,
           3.5187e-02, -3.1647e-02]]], device='cuda:0', dtype=torch.float16)
====== model.layers.1.self_attn.o_proj
tensor([[[-0.4880, -0.2385,  0.0653,  ...,  0.2822,  0.0107,  0.0818],
         [-0.8691,  0.3120,  0.1395,  ...,  0.2063,  0.0143,  0.2383],
         [-0.0514, -0.0518,  0.0150,  ...,  0.1322,  0.0603,  0.1228],
         ...,
         [-0.2644,  0.0359,  0.1700,  ...,  0.1694, -0.0760,  0.2294],
         [-0.2399,  0.1313,  0.1086,  ...,  0.0676, -0.2136,  0.1390],
         [-0.0315,  0.1154,  0.0102,  ...,  0.0994, -0.0936,  0.1296]]],
       device='cuda:0', dtype=torch.float16)
====== model.layers.1.post_attention_layernorm
tensor([[[-8.5156,  5.5977,  3.0176,  ...,  0.8477,  0.8418,  1.8438],
         [-8.6484,  5.5000,  1.2002,  ...,  0.4160,  0.3062,  1.2715],
         [ 1.6562, -1.2324,  0.0390,  ...,  0.2208,  0.8174,  0.1830],
         ...,
         [-6.1250,  9.5625,  1.3760,  ...,  0.2954,  0.4529,  0.9917],
         [-3.3672,  8.3359, -0.3672,  ...,  0.2206,  0.5396,  0.7681],
         [ 2.6738,  0.0632, -0.3066,  ...,  0.3647,  0.6470,  0.6909]]],
       device='cuda:0', dtype=torch.float16)
====== model.layers.1.mlp.gate_proj
tensor([[[ 0.7974,  1.5791, -3.3340,  ..., -3.6465, -4.2656, -5.5469],
         [-1.4883,  1.1484, -1.8496,  ..., -3.1602, -4.1016, -1.3379],
         [-1.5332, -1.1025, -0.6274,  ..., -3.3613, -3.1113, -3.3906],
         ...,
         [ 1.5947,  1.5664, -1.9785,  ..., -1.3525, -2.6211, -4.5742],
         [ 1.5908,  1.1836, -2.3359,  ..., -4.7422, -3.7578, -4.0938],
         [-1.7979, -1.5156, -0.7007,  ..., -5.5391, -2.8828, -5.5586]]],
       device='cuda:0', dtype=torch.float16)
====== model.layers.1.mlp.up_proj
tensor([[[-0.3948, -0.1213, -3.3945,  ...,  0.1438,  0.2385, -0.0873],
         [ 0.5928, -0.1600, -1.9316,  ...,  0.4431, -0.1991, -0.9653],
         [-0.2406, -2.3477, -0.2059,  ..., -0.0558,  0.2379, -0.1266],
         ...,
         [-0.3792, -0.2437, -3.7969,  ..., -0.8320, -0.3213, -0.7456],
         [ 0.3059,  0.2128, -2.8652,  ...,  0.3738,  0.3733, -0.5674],
         [ 0.1093, -3.0840, -0.5312,  ..., -0.6514,  0.1195,  0.1711]]],
       device='cuda:0', dtype=torch.float16)
====== model.layers.1.mlp.down_proj
tensor([[[ 2.1504, -1.1748, -0.2018,  ..., -0.5454, -0.2098,  0.3501],
         [ 0.2393, -0.0382,  0.0336,  ..., -0.0715, -0.1299, -0.1700],
         [ 0.1531,  0.1821, -0.0560,  ..., -0.1538, -0.1973, -0.1576],
         ...,
         [ 0.2534, -0.1566,  0.4236,  ...,  1.1816, -0.4326, -0.3110],
         [-0.0102,  0.3267,  0.0156,  ..., -0.2759, -0.0505, -0.1147],
         [ 0.1248, -0.0115, -0.0445,  ..., -0.1848, -0.1953,  0.0296]]],
       device='cuda:0', dtype=torch.float16)
====== model.layers.1
tensor([[[-0.3145,  0.0215, -1.4912,  ..., -0.1311,  0.2430,  1.2812],
         [-1.4814,  0.7690, -0.3184,  ...,  0.0681, -0.0167,  0.2710],
         [ 0.4895, -0.0027, -0.0676,  ..., -0.0781,  0.1113, -0.0928],
         ...,
         [-1.4121,  1.7627, -0.1282,  ...,  1.3174, -0.2036,  0.1592],
         [-0.6377,  1.4727,  0.1165,  ..., -0.2065,  0.1362,  0.1348],
         [ 0.5483, -0.0041,  0.0271,  ..., -0.0873, -0.0049,  0.2205]]],
       device='cuda:0', dtype=torch.float16)
====== model.layers.2.input_layernorm
tensor([[[-0.1857,  0.0164, -0.5288,  ..., -0.0547,  0.0740,  0.3948],
         [-1.3018,  0.8745, -0.1681,  ...,  0.0423, -0.0076,  0.1243],
         [ 0.4326, -0.0031, -0.0359,  ..., -0.0488,  0.0508, -0.0428],
         ...,
         [-0.6577,  1.0625, -0.0359,  ...,  0.4333, -0.0490,  0.0387],
         [-0.6069,  1.8145,  0.0667,  ..., -0.1390,  0.0670,  0.0670],
         [ 0.6284, -0.0061,  0.0187,  ..., -0.0707, -0.0029,  0.1317]]],
       device='cuda:0', dtype=torch.float16)
====== model.layers.2.self_attn.q_proj
tensor([[[ 0.0776,  0.0687,  0.1567,  ..., -0.2815, -0.0764, -0.0362],
         [ 0.5361,  0.4138, -0.0162,  ..., -0.1083,  0.0296,  0.1606],
         [-0.0369,  0.0326,  0.0259,  ...,  0.0190, -0.0233,  0.0346],
         ...,
         [ 0.3579,  0.3398,  0.2856,  ..., -0.0684, -0.1283,  0.1920],
         [-0.0098,  0.3179,  0.0987,  ...,  0.1251,  0.1958,  0.0553],
         [-0.1978,  0.0620,  0.1077,  ...,  0.1565, -0.0407, -0.0081]]],
       device='cuda:0', dtype=torch.float16)
====== model.layers.2.self_attn.k_proj
tensor([[[ 0.2747,  0.2983,  0.0881,  ..., -2.3984, -1.8438,  2.0703],
         [ 0.2325,  0.1241, -0.0374,  ..., -0.5093, -0.3386,  0.4727],
         [ 0.1024, -0.0348, -0.0137,  ..., -1.3105, -0.9146,  1.1758],
         ...,
         [ 0.4253, -0.0077, -0.3616,  ..., -0.3025, -0.0509,  0.0586],
         [ 0.1530,  0.2617, -0.0845,  ..., -0.5029, -0.4036,  0.2549],
         [ 0.1117, -0.0453,  0.0408,  ..., -0.9854, -0.6460,  0.7798]]],
       device='cuda:0', dtype=torch.float16)
====== model.layers.2.self_attn.v_proj
tensor([[[ 0.0463,  0.0709,  0.0011,  ..., -0.0837, -0.0408,  0.0800],
         [-0.0243,  0.2051, -0.1004,  ..., -0.1169, -0.0197,  0.2795],
         [-0.0687,  0.1429,  0.0289,  ...,  0.1984, -0.2177,  0.2299],
         ...,
         [ 0.0560,  0.0631,  0.3262,  ...,  0.1136, -0.0450,  0.4263],
         [ 0.0099,  0.2413, -0.0608,  ..., -0.4221, -0.0318,  0.2087],
         [ 0.0250,  0.1549, -0.1396,  ...,  0.0220, -0.1410,  0.2668]]],
       device='cuda:0', dtype=torch.float16)
====== model.layers.2.self_attn.o_proj
tensor([[[ 0.7661,  0.5527, -0.3916,  ..., -1.4189, -1.3047,  0.7256],
         [ 0.1786,  0.0216,  0.1495,  ...,  0.3081, -0.2185, -0.1141],
         [-0.0385,  0.0599,  0.0378,  ...,  0.1438, -0.0126, -0.0202],
         ...,
         [ 0.3850, -0.2720,  0.0595,  ..., -0.0222, -0.0784,  0.0290],
         [ 0.2065, -0.1984, -0.0814,  ...,  0.0765, -0.2749, -0.1958],
         [-0.0229,  0.0248,  0.0681,  ...,  0.1510, -0.0800,  0.0022]]],
       device='cuda:0', dtype=torch.float16)
====== model.layers.2.post_attention_layernorm
tensor([[[ 3.9307e-01,  6.2644e-05, -1.2148e+00,  ..., -1.0947e+00,
          -6.8506e-01,  1.3252e+00],
         [-3.5566e+00,  2.7037e-04, -3.4155e-01,  ...,  8.3398e-01,
          -4.7632e-01,  3.2495e-01],
         [ 1.5518e+00,  2.4676e-05, -7.6172e-02,  ...,  1.8347e-01,
           2.5195e-01, -2.9468e-01],
         ...,
         [-1.5391e+00,  2.7990e-04, -7.6233e-02,  ...,  1.5762e+00,
          -3.1348e-01,  2.1387e-01],
         [-1.2588e+00,  4.6635e-04,  7.6111e-02,  ..., -3.0835e-01,
          -3.0005e-01, -1.3501e-01],
         [ 2.1367e+00,  1.0550e-05,  2.8735e-01,  ...,  2.1045e-01,
          -2.5586e-01,  6.8701e-01]]], device='cuda:0', dtype=torch.float16)
====== model.layers.2.mlp.gate_proj
tensor([[[ 1.7822, -0.1937, -0.0854,  ..., -0.7417, -1.9541, -1.4004],
         [-0.7998, -4.2344, -2.4727,  ..., -1.7598, -2.5488, -0.8276],
         [-0.0985, -3.3496, -2.3535,  ..., -2.4434, -3.9395, -2.4902],
         ...,
         [-1.1133, -1.6650, -2.3594,  ..., -0.7461, -2.0996, -1.1143],
         [-0.7603, -3.2754, -1.4766,  ..., -1.8594, -2.0352, -4.4258],
         [-0.1530, -3.5000, -1.6680,  ..., -4.2500, -4.2227, -4.1758]]],
       device='cuda:0', dtype=torch.float16)
====== model.layers.2.mlp.up_proj
tensor([[[-18.4531,   0.1453,  -1.5576,  ...,  -0.0665,   0.7700,   0.2260],
         [  2.8438,   0.8594,   0.9722,  ...,  -0.1353,   0.3813,  -0.1729],
         [  1.9316,   1.2500,   0.2808,  ...,   0.5879,   0.1738,   0.1201],
         ...,
         [  2.7676,   0.4529,   0.6958,  ...,   0.2593,   0.7568,   0.2932],
         [  1.7490,   0.7847,   1.1572,  ...,  -0.1444,   0.1089,   0.0588],
         [  1.7656,   1.4795,   0.6230,  ...,   0.1978,   0.0328,   0.2058]]],
       device='cuda:0', dtype=torch.float16)
====== model.layers.2.mlp.down_proj
tensor([[[ 2.1562e+01,  4.5675e+02, -4.9170e-01,  ...,  9.4727e-02,
          -2.8926e+00, -6.3398e+00],
         [ 1.3275e-02,  1.8604e-01,  1.4435e-02,  ..., -9.7107e-02,
          -2.0096e-02,  4.6362e-01],
         [-2.8320e-01,  9.9548e-02, -5.0079e-02,  ...,  3.2845e-03,
          -1.5796e-01,  3.5059e-01],
         ...,
         [ 1.6992e-01,  4.8486e-01,  2.6758e-01,  ...,  4.9255e-02,
          -9.6741e-02, -7.7148e-02],
         [ 5.5939e-02,  1.5137e-01, -9.2285e-02,  ..., -1.4099e-01,
          -2.5024e-01,  3.0151e-01],
         [ 2.2202e-02,  8.5754e-02, -1.1877e-01,  ..., -9.7473e-02,
          -4.5807e-02,  1.3031e-02]]], device='cuda:0', dtype=torch.float16)
====== model.layers.2
tensor([[[ 2.2016e+01,  4.5725e+02, -2.3750e+00,  ..., -1.4551e+00,
          -3.9531e+00, -4.3320e+00],
         [-1.2891e+00,  9.7656e-01, -1.5442e-01,  ...,  2.7905e-01,
          -2.5537e-01,  6.2061e-01],
         [ 1.6772e-01,  1.5674e-01, -7.9956e-02,  ...,  6.8970e-02,
          -5.9265e-02,  2.3767e-01],
         ...,
         [-8.5742e-01,  1.9746e+00,  1.9897e-01,  ...,  1.3438e+00,
          -3.7866e-01,  1.1108e-01],
         [-3.7524e-01,  1.4258e+00, -5.7129e-02,  ..., -2.7100e-01,
          -3.8892e-01,  2.4048e-01],
         [ 5.4736e-01,  1.0645e-01, -2.3560e-02,  ..., -3.3752e-02,
          -1.3062e-01,  2.3572e-01]]], device='cuda:0', dtype=torch.float16)
====== model.layers.3.input_layernorm
tensor([[[ 9.3262e-02, -2.1309e+00, -5.3177e-03,  ..., -3.4599e-03,
          -7.8888e-03, -9.1019e-03],
         [-2.7344e+00, -2.2793e+00, -1.7310e-01,  ...,  3.3203e-01,
          -2.5513e-01,  6.5332e-01],
         [ 5.0684e-01, -5.2100e-01, -1.2769e-01,  ...,  1.1694e-01,
          -8.4351e-02,  3.5645e-01],
         ...,
         [-1.1689e+00, -2.9629e+00,  1.4343e-01,  ...,  1.0283e+00,
          -2.4329e-01,  7.5195e-02],
         [-8.6035e-01, -3.5977e+00, -6.9275e-02,  ..., -3.4863e-01,
          -4.2017e-01,  2.7368e-01],
         [ 1.8027e+00, -3.8574e-01, -4.1046e-02,  ..., -6.2378e-02,
          -2.0276e-01,  3.8525e-01]]], device='cuda:0', dtype=torch.float16)
====== model.layers.3.self_attn.q_proj
tensor([[[-0.0257, -0.0513, -0.0096,  ..., -0.0635,  0.1018, -0.0080],
         [-0.6890, -0.4651, -0.3518,  ..., -1.0078,  0.1216,  0.0245],
         [-0.5601, -0.6548,  0.6719,  ..., -0.6997,  1.0322, -0.5122],
         ...,
         [-0.5889, -0.4001, -0.0163,  ..., -1.1504, -0.1180,  0.4131],
         [-0.4543, -0.3542,  0.5879,  ..., -0.8677,  0.8042, -0.4067],
         [-0.2942, -0.3801,  0.7017,  ..., -0.5439,  0.9106, -0.5928]]],
       device='cuda:0', dtype=torch.float16)
====== model.layers.3.self_attn.k_proj
tensor([[[-7.9269e-03, -1.0750e-02, -9.3412e-04,  ..., -5.4443e-01,
           1.0046e-01, -6.0645e-01],
         [-2.0142e-01,  6.6357e-01,  7.2327e-03,  ..., -7.5049e-01,
           2.8979e-01, -1.4189e+00],
         [-1.7200e-01, -7.0703e-01,  2.0752e-01,  ..., -7.8076e-01,
           3.0566e-01, -8.7744e-01],
         ...,
         [-1.4026e-01,  6.9580e-01, -2.5562e-01,  ...,  1.3708e-01,
          -3.1348e-01, -4.1284e-01],
         [-5.5127e-01, -1.2457e-01, -6.9397e-02,  ..., -6.3330e-01,
           4.7949e-01, -1.0928e+00],
         [-3.0615e-01, -4.2114e-01,  2.0374e-01,  ..., -4.0283e-01,
           7.4951e-01, -9.2676e-01]]], device='cuda:0', dtype=torch.float16)
====== model.layers.3.self_attn.v_proj
tensor([[[ 0.0016,  0.0023, -0.0046,  ..., -0.0230, -0.0342,  0.0015],
         [ 0.6714, -0.3083,  0.0759,  ..., -0.3025, -0.1865, -0.0807],
         [ 0.1671,  0.3191,  0.2036,  ..., -0.2197,  0.5903,  0.5171],
         ...,
         [-0.0834, -0.4412, -0.2408,  ..., -0.1654,  0.0924, -0.3389],
         [ 0.3206, -0.5669,  0.2382,  ..., -0.3159, -0.0116, -0.1792],
         [-0.1176, -0.2289,  0.0682,  ..., -0.0341,  0.0848, -0.1356]]],
       device='cuda:0', dtype=torch.float16)
====== model.layers.3.self_attn.o_proj
tensor([[[ 0.0883, -0.0673, -0.0843,  ...,  0.0565, -0.0371, -0.0385],
         [ 0.1533, -0.0808, -0.0231,  ...,  0.2532, -0.0613,  0.0129],
         [-0.0371, -0.0771, -0.0637,  ...,  0.0550,  0.0652,  0.0243],
         ...,
         [ 0.0306, -0.2725, -0.0194,  ...,  0.1653,  0.0081, -0.0925],
         [ 0.1344,  0.0476, -0.1161,  ..., -0.0208,  0.0685,  0.0787],
         [ 0.1218,  0.0972, -0.0497,  ..., -0.0150,  0.0706,  0.1329]]],
       device='cuda:0', dtype=torch.float16)
====== model.layers.3.post_attention_layernorm
tensor([[[ 1.2396e-01, -8.4579e-05, -9.5901e-03,  ..., -5.5847e-03,
          -1.4832e-02, -1.7044e-02],
         [-3.1504e+00, -8.1956e-05, -3.4229e-01,  ...,  1.0508e+00,
          -5.8203e-01,  1.2217e+00],
         [ 5.0049e-01, -1.0073e-05, -3.8281e-01,  ...,  3.3813e-01,
           1.5182e-02,  6.9824e-01],
         ...,
         [-1.3965e+00, -9.4891e-05,  2.1106e-01,  ...,  1.8154e+00,
          -4.1504e-01,  2.1805e-02],
         [-7.0459e-01, -1.4234e-04, -3.5254e-01,  ..., -6.0742e-01,
          -6.2109e-01,  6.4990e-01],
         [ 2.6738e+00, -2.6882e-05, -2.0374e-01,  ..., -1.3879e-01,
          -1.5930e-01,  1.0254e+00]]], device='cuda:0', dtype=torch.float16)
====== model.layers.3.mlp.gate_proj
tensor([[[ 0.1337,  0.0063,  0.0612,  ...,  0.2542,  0.2308,  0.2856],
         [ 0.5386, -0.1805, -0.5342,  ..., -0.1923, -1.8018, -2.3457],
         [-0.4619, -0.8423, -0.5498,  ..., -2.8359, -1.9912, -2.9668],
         ...,
         [-1.2715, -0.2009,  0.8066,  ..., -2.7383, -3.5898, -3.2930],
         [-2.5957,  1.6777, -1.3359,  ..., -3.1426, -2.1367, -2.2949],
         [-1.7891, -1.2500, -0.3245,  ..., -4.0820, -2.4805, -3.2578]]],
       device='cuda:0', dtype=torch.float16)
====== model.layers.3.mlp.up_proj
tensor([[[-1.5820e-01,  4.7852e-02, -3.1158e-02,  ...,  2.6016e-02,
          -5.8022e-03, -7.0381e-04],
         [ 1.0059e+00, -9.1162e-01,  5.3174e-01,  ...,  6.8555e-01,
          -5.4346e-01, -2.1106e-01],
         [ 6.7822e-01, -1.0479e+00, -8.5400e-01,  ...,  3.7549e-01,
           6.2256e-01,  4.6234e-02],
         ...,
         [ 1.2627e+00,  4.3506e-01, -1.2510e+00,  ...,  2.3254e-01,
          -4.8022e-01, -6.5967e-01],
         [ 1.4072e+00, -6.7285e-01, -6.3818e-01,  ...,  3.7817e-01,
          -5.2002e-01, -2.2278e-01],
         [ 1.7295e+00, -1.1504e+00, -9.3701e-01,  ...,  4.7607e-01,
           2.2131e-01, -1.0215e+00]]], device='cuda:0', dtype=torch.float16)
====== model.layers.3.mlp.down_proj
tensor([[[-0.0163,  0.0118, -0.0134,  ...,  0.0026, -0.0012, -0.0055],
         [-0.0102,  0.3193,  0.1780,  ..., -0.4092,  0.2725, -0.1007],
         [ 0.1017,  0.2605, -0.0305,  ...,  0.3376, -0.1564,  0.0335],
         ...,
         [ 0.2917,  0.3030, -0.0623,  ..., -0.6406, -0.1790, -0.0349],
         [ 0.3645,  0.2258, -0.1066,  ...,  0.2366,  0.1598, -0.1215],
         [ 0.1893,  0.1384, -0.0617,  ...,  0.3064, -0.0662, -0.2081]]],
       device='cuda:0', dtype=torch.float16)
====== model.layers.3
tensor([[[ 2.2094e+01,  4.5725e+02, -2.4727e+00,  ..., -1.3955e+00,
          -3.9922e+00, -4.3750e+00],
         [-1.1455e+00,  1.2148e+00,  4.8828e-04,  ...,  1.2305e-01,
          -4.4189e-02,  5.3271e-01],
         [ 2.3230e-01,  3.4009e-01, -1.7419e-01,  ...,  4.6167e-01,
          -1.5039e-01,  2.9541e-01],
         ...,
         [-5.3516e-01,  2.0059e+00,  1.1731e-01,  ...,  8.6816e-01,
          -5.4980e-01, -1.6327e-02],
         [ 1.2366e-01,  1.6992e+00, -2.7979e-01,  ..., -5.5176e-02,
          -1.6052e-01,  1.9788e-01],
         [ 8.5840e-01,  3.4204e-01, -1.3501e-01,  ...,  2.5757e-01,
          -1.2622e-01,  1.6052e-01]]], device='cuda:0', dtype=torch.float16)
====== model.layers.4.input_layernorm
tensor([[[ 9.5581e-02,  2.2422e+00, -5.4626e-03,  ..., -3.0613e-03,
          -7.8430e-03, -9.2621e-03],
         [-2.2422e+00,  2.6953e+00,  4.8780e-04,  ...,  1.2207e-01,
          -3.9276e-02,  5.1025e-01],
         [ 5.4492e-01,  9.0479e-01, -2.0862e-01,  ...,  5.4883e-01,
          -1.6028e-01,  3.3911e-01],
         ...,
         [-6.6699e-01,  2.8359e+00,  7.4585e-02,  ...,  5.4834e-01,
          -3.1128e-01, -9.9564e-03],
         [ 2.4719e-01,  3.8516e+00, -2.8540e-01,  ..., -5.5939e-02,
          -1.4575e-01,  1.9348e-01],
         [ 2.0918e+00,  9.4531e-01, -1.6797e-01,  ...,  3.1836e-01,
          -1.3977e-01,  1.9153e-01]]], device='cuda:0', dtype=torch.float16)
====== model.layers.4.self_attn.q_proj
tensor([[[ 1.8799e-02, -5.0873e-02,  4.6448e-02,  ..., -1.2317e-01,
           1.2756e-01,  4.6875e-02],
         [ 1.6492e-01,  1.3025e-01,  8.3691e-01,  ...,  9.1370e-02,
           3.2422e-01, -3.0469e-01],
         [ 1.0368e-02,  2.4170e-01,  3.0151e-01,  ..., -3.2446e-01,
          -1.5625e-01, -2.8052e-01],
         ...,
         [-8.2031e-02,  1.3269e-01,  2.1826e-01,  ...,  3.3008e-01,
          -2.7563e-01, -2.5562e-01],
         [ 4.7729e-02,  3.3130e-01,  4.1968e-01,  ..., -1.6418e-01,
          -3.8452e-01, -9.2407e-02],
         [-2.5582e-04,  1.6980e-01,  4.3262e-01,  ..., -1.2915e-01,
           1.1482e-03,  5.6000e-03]]], device='cuda:0', dtype=torch.float16)
====== model.layers.4.self_attn.k_proj
tensor([[[ 0.0010,  0.0074,  0.0031,  ..., -0.0467, -0.0168, -0.3306],
         [-0.3850,  0.1770,  0.4368,  ...,  0.5171,  0.3313, -0.8804],
         [-0.0771, -0.2961,  0.1102,  ...,  0.2321,  0.1047, -0.4089],
         ...,
         [-0.2455,  0.2238,  0.2281,  ..., -0.1295,  0.8379, -0.7578],
         [-0.5234,  0.2917,  0.3992,  ...,  0.1680, -0.0906, -0.3906],
         [-0.1537, -0.2051,  0.1947,  ...,  0.1949,  0.0163, -0.4187]]],
       device='cuda:0', dtype=torch.float16)
====== model.layers.4.self_attn.v_proj
tensor([[[ 1.2474e-02, -2.0630e-02, -6.4331e-02,  ..., -1.1345e-02,
          -1.0193e-02,  6.3372e-04],
         [-2.7368e-01,  1.3135e-01, -1.2842e-01,  ...,  6.1920e-02,
           3.8354e-01, -1.4014e-01],
         [-1.4221e-01,  5.5084e-02,  2.9712e-01,  ..., -1.0480e-01,
           3.5156e-01, -2.9590e-01],
         ...,
         [-3.2861e-01,  1.4941e-01, -2.1814e-01,  ..., -1.3501e-01,
           3.0908e-01, -4.8676e-03],
         [-3.5522e-02, -1.0175e-01, -2.5098e-01,  ...,  1.9482e-01,
          -8.2581e-02, -2.5195e-01],
         [-2.2839e-01,  1.7487e-02, -1.1682e-01,  ..., -3.3997e-02,
           3.5693e-01, -6.4307e-01]]], device='cuda:0', dtype=torch.float16)
====== model.layers.4.self_attn.o_proj
tensor([[[ 0.0058, -0.0995, -0.0432,  ..., -0.0028, -0.0183, -0.0345],
         [ 0.0255, -0.1611, -0.1478,  ...,  0.0435,  0.0016, -0.2128],
         [ 0.1718, -0.0644, -0.1682,  ..., -0.1998,  0.0465, -0.2864],
         ...,
         [ 0.2798, -0.2256,  0.1975,  ..., -0.1152,  0.2305, -0.2700],
         [ 0.0637, -0.0605, -0.1183,  ..., -0.0588, -0.0754, -0.2037],
         [ 0.0703, -0.0783, -0.0952,  ..., -0.0219, -0.0121, -0.2859]]],
       device='cuda:0', dtype=torch.float16)
====== model.layers.4.post_attention_layernorm
tensor([[[ 1.1780e-01, -1.1396e-04,  1.0963e-02,  ..., -6.1798e-03,
          -1.6983e-02, -1.8402e-02],
         [-2.6445e+00, -1.1623e-04,  2.8418e-01,  ...,  3.2544e-01,
          -7.9773e-02,  5.9131e-01],
         [ 1.2314e+00, -3.9279e-05,  8.5254e-01,  ...,  6.6113e-01,
          -2.5146e-01,  2.1561e-02],
         ...,
         [-3.8745e-01, -1.2624e-04, -3.9062e-01,  ...,  9.4629e-01,
          -3.8501e-01, -3.4033e-01],
         [ 4.5630e-01, -1.8656e-04,  7.9248e-01,  ..., -2.3022e-01,
          -4.5679e-01, -1.1177e-02],
         [ 2.8340e+00, -3.7611e-05,  5.7373e-01,  ...,  5.9570e-01,
          -3.3521e-01, -2.9932e-01]]], device='cuda:0', dtype=torch.float16)
====== model.layers.4.mlp.gate_proj
tensor([[[-0.0391,  0.2297, -0.0819,  ...,  0.1274,  0.2272,  0.2266],
         [ 0.7588,  0.1274,  0.7266,  ...,  0.2220,  0.0701, -0.3032],
         [ 1.1074, -1.1670, -1.0332,  ..., -1.4795, -3.0957, -1.6914],
         ...,
         [ 2.6562, -1.2393,  1.1719,  ..., -1.0557, -2.8789, -1.4961],
         [ 2.6230, -0.7002,  1.5400,  ..., -0.2585, -2.3887, -1.7354],
         [ 2.3613, -1.8711, -1.3721,  ..., -2.6484, -3.1973, -2.1191]]],
       device='cuda:0', dtype=torch.float16)
====== model.layers.4.mlp.up_proj
tensor([[[ 6.7444e-02, -1.9604e-01,  9.8083e-02,  ..., -4.6921e-03,
           2.6493e-03,  3.2288e-02],
         [-3.0396e-01,  1.7500e+00,  3.0005e-01,  ...,  1.1250e+00,
           3.7402e-01, -5.6543e-01],
         [-1.0962e-01,  2.0527e+00, -1.1885e+00,  ...,  1.2866e-01,
           2.4780e-01,  1.2146e-01],
         ...,
         [-2.9175e-01,  1.4316e+00,  3.3447e-01,  ..., -1.0364e-01,
           2.2229e-01,  3.0371e-01],
         [ 8.8745e-02,  1.4473e+00,  5.3809e-01,  ...,  1.1084e+00,
           5.4395e-01,  3.5986e-01],
         [ 5.6863e-05,  1.7285e+00, -1.2822e+00,  ..., -1.6479e-01,
          -1.3245e-01,  1.3806e-01]]], device='cuda:0', dtype=torch.float16)
====== model.layers.4.mlp.down_proj
tensor([[[ 3.1433e-03,  1.5465e-02, -5.3024e-03,  ...,  2.4662e-03,
           1.3721e-04, -2.5806e-03],
         [-3.4033e-01,  1.8213e-01, -1.7712e-01,  ...,  3.3667e-01,
          -1.1340e-01, -4.1187e-01],
         [ 1.2585e-01,  3.0103e-01,  4.0381e-01,  ...,  7.1106e-02,
           1.2512e-01, -1.8994e-01],
         ...,
         [-2.4670e-01,  3.6304e-01, -9.7595e-02,  ...,  3.1079e-01,
          -1.5820e-01,  1.7004e-01],
         [-3.0457e-02,  1.6162e-01, -2.8784e-01,  ...,  2.5049e-01,
           7.5562e-02, -3.1152e-01],
         [-2.9083e-02,  1.8945e-01,  1.3464e-01,  ...,  1.3245e-01,
           1.9653e-01,  1.7078e-01]]], device='cuda:0', dtype=torch.float16)
====== model.layers.4
tensor([[[ 2.2094e+01,  4.5725e+02, -2.5215e+00,  ..., -1.3955e+00,
          -4.0117e+00, -4.4141e+00],
         [-1.4609e+00,  1.2363e+00, -3.2446e-01,  ...,  5.0293e-01,
          -1.5601e-01, -9.2041e-02],
         [ 5.2979e-01,  5.7666e-01,  6.1523e-02,  ...,  3.3276e-01,
           2.1240e-02, -1.8091e-01],
         ...,
         [-5.0195e-01,  2.1426e+00,  2.1729e-01,  ...,  1.0635e+00,
          -4.7754e-01, -1.1633e-01],
         [ 1.5674e-01,  1.8008e+00, -6.8555e-01,  ...,  1.3647e-01,
          -1.6040e-01, -3.1738e-01],
         [ 8.9941e-01,  4.5312e-01, -9.5581e-02,  ...,  3.6816e-01,
           5.8228e-02,  4.5410e-02]]], device='cuda:0', dtype=torch.float16)
====== model.layers.5.input_layernorm
tensor([[[ 0.1279, -2.7578, -0.0081,  ..., -0.0038, -0.0104, -0.0122],
         [-2.8418, -2.5059, -0.3523,  ...,  0.4609, -0.1366, -0.0853],
         [ 1.6611, -1.8838,  0.1077,  ...,  0.4917,  0.0300, -0.2703],
         ...,
         [-0.8271, -3.6797,  0.1997,  ...,  0.8257, -0.3542, -0.0913],
         [ 0.3074, -3.6836, -0.7505,  ...,  0.1261, -0.1416, -0.2966],
         [ 2.8047, -1.4727, -0.1663,  ...,  0.5410,  0.0817,  0.0674]]],
       device='cuda:0', dtype=torch.float16)
====== model.layers.5.self_attn.q_proj
tensor([[[ 0.0151, -0.0017,  0.0207,  ..., -0.1644, -0.1719,  0.1854],
         [-0.1320,  0.0507,  0.4836,  ...,  0.9165, -0.2625,  0.5737],
         [ 0.3748,  0.4314, -0.1814,  ..., -1.0566, -1.0186,  1.2617],
         ...,
         [-0.6665, -0.1660,  0.5088,  ...,  0.1667, -0.1719,  0.2637],
         [-0.5967,  0.2158, -0.0050,  ..., -0.9043, -1.3281,  0.8936],
         [-0.1398,  0.3076, -0.2864,  ..., -0.8735, -1.2783,  0.4973]]],
       device='cuda:0', dtype=torch.float16)
====== model.layers.5.self_attn.k_proj
tensor([[[-0.0038,  0.0080,  0.0014,  ..., -0.0983, -0.9033,  0.5283],
         [ 1.1260,  0.1743,  1.0312,  ...,  0.0260, -0.3542,  1.0215],
         [-0.3728,  0.3416,  0.0917,  ..., -0.3652, -0.4341,  1.1045],
         ...,
         [ 0.7432, -0.1235,  0.8115,  ...,  0.1091,  0.1876,  0.6973],
         [-0.2017,  0.4441,  1.0889,  ..., -0.3345, -0.6055,  0.6113],
         [ 0.2668,  0.0374,  0.5322,  ..., -0.8550, -0.3237,  1.0459]]],
       device='cuda:0', dtype=torch.float16)
====== model.layers.5.self_attn.v_proj
tensor([[[-9.4757e-03,  1.5511e-02, -5.4893e-03,  ..., -9.6973e-01,
          -1.0216e-04, -1.6495e-02],
         [-3.6346e-02, -8.1970e-02, -3.8477e-01,  ...,  2.1309e+00,
          -3.0444e-01,  1.1359e-01],
         [-2.7271e-01,  1.6443e-01, -5.0293e-02,  ...,  1.3721e+00,
          -4.1187e-01,  2.9736e-01],
         ...,
         [-5.3076e-01,  3.2471e-01,  4.6460e-01,  ...,  2.2051e+00,
           1.1920e-01, -1.2488e-01],
         [ 6.9153e-02,  2.1350e-01,  6.1475e-01,  ...,  1.6328e+00,
           1.2769e-01,  2.3999e-01],
         [-4.5483e-01,  6.1572e-01, -9.5901e-03,  ...,  6.8652e-01,
           1.8933e-01, -1.9019e-01]]], device='cuda:0', dtype=torch.float16)
====== model.layers.5.self_attn.o_proj
tensor([[[ 0.2264, -0.0278, -0.1226,  ..., -0.0318,  0.0334, -0.1055],
         [ 0.3081, -0.1088, -0.3301,  ..., -0.1876,  0.1210, -0.0691],
         [ 0.2047, -0.1030, -0.0484,  ..., -0.1978, -0.0791,  0.0133],
         ...,
         [ 0.0398, -0.1696, -0.3037,  ...,  0.0623, -0.1666, -0.0364],
         [ 0.2139, -0.0443,  0.0789,  ..., -0.0652, -0.0959,  0.0189],
         [ 0.2520,  0.0039,  0.0156,  ..., -0.1227, -0.2408,  0.0988]]],
       device='cuda:0', dtype=torch.float16)
====== model.layers.5.post_attention_layernorm
tensor([[[ 1.0742e-01,  4.6551e-05, -1.1765e-02,  ..., -5.6572e-03,
          -1.5457e-02, -1.8723e-02],
         [-1.6045e+00,  3.3200e-05, -8.4229e-01,  ...,  3.6133e-01,
          -3.9307e-02, -1.9312e-01],
         [ 1.6963e+00,  2.3127e-05,  2.7939e-02,  ...,  2.5635e-01,
          -1.0779e-01, -3.3301e-01],
         ...,
         [-5.6396e-01,  5.0902e-05, -9.7412e-02,  ...,  1.1299e+00,
          -6.3379e-01, -1.6028e-01],
         [ 5.5957e-01,  5.6088e-05, -8.4619e-01,  ...,  8.8440e-02,
          -3.1226e-01, -3.8818e-01],
         [ 2.6738e+00,  2.2471e-05, -1.7151e-01,  ...,  4.6924e-01,
          -3.4229e-01,  2.8809e-01]]], device='cuda:0', dtype=torch.float16)
====== model.layers.5.mlp.gate_proj
tensor([[[-0.0361, -0.0570,  0.0570,  ...,  0.2363,  0.1049,  0.0916],
         [ 0.7104,  0.5547, -0.4583,  ..., -1.3984, -0.8311, -0.8384],
         [-0.3184,  0.4187, -0.0908,  ..., -2.0977, -1.4219, -0.9277],
         ...,
         [ 0.3062,  0.9971, -1.3916,  ...,  0.4043, -0.8374, -0.4849],
         [-0.3564,  0.0759,  0.5063,  ..., -0.8936, -0.2188, -1.0518],
         [ 0.1130,  0.8223, -0.0616,  ..., -2.4785, -0.9614, -1.7285]]],
       device='cuda:0', dtype=torch.float16)
====== model.layers.5.mlp.up_proj
tensor([[[-1.0757e-02, -5.8960e-02,  7.0129e-02,  ..., -4.3945e-03,
           2.1338e-04,  2.6684e-03],
         [ 5.1318e-01,  4.9146e-01, -1.2744e+00,  ...,  8.4717e-01,
           2.5391e-01, -3.6621e-01],
         [ 6.5967e-01,  2.5562e-01, -7.9785e-01,  ..., -2.0264e-02,
           1.1835e-01, -1.5381e-01],
         ...,
         [ 9.2627e-01,  4.1992e-01, -1.3145e+00,  ...,  3.5132e-01,
          -6.8262e-01,  2.7295e-01],
         [ 9.3079e-02,  1.3516e+00, -1.0312e+00,  ..., -2.2095e-01,
          -1.0907e-01,  8.4033e-01],
         [ 1.0879e+00,  7.0410e-01, -7.2559e-01,  ..., -4.6143e-01,
           2.0508e-01, -8.4961e-02]]], device='cuda:0', dtype=torch.float16)
====== model.layers.5.mlp.down_proj
tensor([[[-1.7532e-02,  4.4769e-02, -1.2136e-04,  ...,  2.0809e-03,
          -4.2038e-03, -5.1079e-03],
         [ 5.8105e-01,  5.8008e-01,  1.4722e-01,  ...,  1.6821e-01,
           4.4479e-03,  1.6138e-01],
         [ 1.8311e-01,  4.1699e-01, -9.3323e-02,  ..., -1.4319e-01,
          -5.5078e-01,  4.4580e-01],
         ...,
         [ 5.3467e-01,  7.5586e-01,  1.9350e-03,  ..., -4.1528e-01,
           5.5847e-03, -1.6064e-01],
         [-1.9995e-01,  4.2725e-01,  2.5073e-01,  ..., -1.5149e-01,
           1.5833e-01,  6.2012e-01],
         [-2.5131e-02,  3.8086e-01, -1.1169e-01,  ..., -1.4221e-01,
          -9.4421e-02,  3.4326e-01]]], device='cuda:0', dtype=torch.float16)
====== model.layers.5
tensor([[[ 2.2297e+01,  4.5725e+02, -2.6445e+00,  ..., -1.4258e+00,
          -3.9824e+00, -4.5234e+00],
         [-5.7129e-01,  1.7080e+00, -5.0684e-01,  ...,  4.8364e-01,
          -3.0518e-02,  2.4414e-04],
         [ 9.1748e-01,  8.9062e-01, -8.0200e-02,  ..., -8.1787e-03,
          -6.0840e-01,  2.7832e-01],
         ...,
         [ 7.2510e-02,  2.7285e+00, -8.4473e-02,  ...,  7.1094e-01,
          -6.3867e-01, -3.1348e-01],
         [ 1.7065e-01,  2.1836e+00, -3.5571e-01,  ..., -8.0261e-02,
          -9.8022e-02,  3.2153e-01],
         [ 1.1260e+00,  8.3789e-01, -1.9165e-01,  ...,  1.0327e-01,
          -2.7710e-01,  4.8730e-01]]], device='cuda:0', dtype=torch.float16)
====== model.layers.6.input_layernorm
tensor([[[ 9.1736e-02,  2.9668e+00, -6.8893e-03,  ..., -3.4542e-03,
          -8.3160e-03, -1.0269e-02],
         [-6.4014e-01,  3.0195e+00, -3.5986e-01,  ...,  3.1909e-01,
          -1.7349e-02,  1.5092e-04],
         [ 1.5078e+00,  2.3086e+00, -8.3496e-02,  ..., -7.9117e-03,
          -5.0732e-01,  2.5244e-01],
         ...,
         [ 7.1472e-02,  4.2461e+00, -5.2765e-02,  ...,  4.1284e-01,
          -3.1958e-01, -1.7053e-01],
         [ 1.9446e-01,  3.9258e+00, -2.5659e-01,  ..., -5.3864e-02,
          -5.6671e-02,  2.0215e-01],
         [ 1.9893e+00,  2.3359e+00, -2.1448e-01,  ...,  1.0742e-01,
          -2.4841e-01,  4.7510e-01]]], device='cuda:0', dtype=torch.float16)
====== model.layers.6.self_attn.q_proj
tensor([[[-0.1993, -0.1887,  0.2561,  ..., -0.0128,  0.2032,  0.0799],
         [-0.2181,  0.3828,  1.2998,  ...,  0.5078,  0.4368, -0.3196],
         [ 0.0183,  0.0167,  2.5840,  ...,  0.9399,  1.2812,  0.0502],
         ...,
         [ 0.1556,  0.5107,  1.2881,  ..., -0.4001, -0.0425, -0.2561],
         [-0.0681,  0.8018,  3.0449,  ...,  0.6616,  0.8999,  0.1224],
         [ 0.3684,  0.2325,  1.8965,  ...,  0.4446,  1.0684,  0.2131]]],
       device='cuda:0', dtype=torch.float16)
====== model.layers.6.self_attn.k_proj
tensor([[[ 6.0806e-03,  2.3842e-03,  2.2964e-03,  ...,  6.9189e-01,
           6.9092e-01,  6.8359e-01],
         [-7.2559e-01, -4.3848e-01,  2.4780e-01,  ...,  8.7354e-01,
           9.0088e-01, -1.3947e-02],
         [-3.5205e-01, -2.2229e-01,  2.3755e-01,  ...,  2.2188e+00,
           1.7725e+00,  9.1211e-01],
         ...,
         [-6.2598e-01, -7.0703e-01,  3.9233e-01,  ...,  1.0068e+00,
           4.2163e-01,  4.8560e-01],
         [-5.3906e-01, -8.5889e-01,  1.4868e-01,  ...,  1.9717e+00,
           2.4883e+00,  1.5967e+00],
         [-1.2805e-01, -4.1919e-01, -7.9041e-02,  ...,  1.9893e+00,
           1.6689e+00,  1.0898e+00]]], device='cuda:0', dtype=torch.float16)
====== model.layers.6.self_attn.v_proj
tensor([[[-6.2513e-04, -1.2596e-02,  1.1955e-02,  ..., -2.1378e-02,
          -1.5991e-02, -2.9053e-02],
         [-8.5373e-03, -3.3594e-01, -8.5449e-02,  ...,  1.7975e-02,
          -4.4800e-01,  1.5784e-01],
         [ 2.5586e-01,  7.1297e-03, -3.3423e-01,  ..., -2.1899e-01,
          -1.3403e-01,  2.8809e-01],
         ...,
         [ 1.5430e-01,  4.7333e-02, -7.2705e-01,  ...,  4.1724e-01,
          -6.2500e-01,  6.3354e-02],
         [ 4.3066e-01,  5.1758e-01, -2.2571e-01,  ..., -1.5320e-01,
           8.0505e-02, -4.4287e-01],
         [ 2.3773e-02,  2.8641e-02, -6.5857e-02,  ..., -4.7217e-01,
           1.7615e-01, -8.5388e-02]]], device='cuda:0', dtype=torch.float16)
====== model.layers.6.self_attn.o_proj
tensor([[[ 0.0795, -0.1010, -0.1151,  ..., -0.1248, -0.0012, -0.0577],
         [ 0.1758, -0.3384,  0.0920,  ..., -0.3252,  0.3767,  0.0363],
         [ 0.3015, -0.0014,  0.1840,  ..., -0.3215,  0.1522, -0.1232],
         ...,
         [ 0.1439, -0.3311, -0.1121,  ..., -0.1083,  0.2732,  0.0625],
         [ 0.2122,  0.0073,  0.1333,  ..., -0.4233,  0.1661, -0.0683],
         [ 0.2192,  0.0401,  0.1959,  ..., -0.2878,  0.3059, -0.1478]]],
       device='cuda:0', dtype=torch.float16)
====== model.layers.6.post_attention_layernorm
tensor([[[ 1.0431e-01,  1.0204e-04, -1.3123e-02,  ..., -7.5569e-03,
          -1.7853e-02, -2.0798e-02],
         [-4.8218e-01,  7.9930e-05, -5.1562e-01,  ...,  2.0203e-01,
           4.0552e-01,  4.3335e-02],
         [ 2.3262e+00,  8.1241e-05,  2.0190e-01,  ..., -6.5820e-01,
          -8.3594e-01,  2.8833e-01],
         ...,
         [ 2.3962e-01,  1.2708e-04, -2.2180e-01,  ...,  6.9775e-01,
          -3.8867e-01, -2.7051e-01],
         [ 5.0732e-01,  1.3900e-04, -3.0029e-01,  ..., -6.9775e-01,
           8.6731e-02,  3.2666e-01],
         [ 2.6934e+00,  8.4162e-05,  8.7204e-03,  ..., -3.8672e-01,
           5.5450e-02,  6.6162e-01]]], device='cuda:0', dtype=torch.float16)
====== model.layers.6.mlp.gate_proj
tensor([[[ 0.0895,  0.0903,  0.5625,  ...,  0.0846,  0.0461,  0.0875],
         [ 0.9292, -0.7617, -4.9609,  ..., -0.3042, -1.1484, -0.7817],
         [ 1.9785, -0.4783, -3.4648,  ..., -0.9873, -0.4780, -2.1133],
         ...,
         [-0.8926, -1.5176, -4.3906,  ..., -0.5835, -0.4622, -1.1543],
         [-2.0176, -0.1895, -4.0039,  ..., -1.0078, -0.7007, -1.8818],
         [ 2.3984, -1.1553, -3.7617,  ..., -1.1191, -0.8154, -1.4033]]],
       device='cuda:0', dtype=torch.float16)
====== model.layers.6.mlp.up_proj
tensor([[[-0.1399,  0.0155, -0.0333,  ...,  0.0024,  0.0303,  0.0085],
         [ 0.1135, -0.7603,  1.8076,  ..., -0.6572,  0.1926, -0.1393],
         [-0.1508, -0.4995,  0.7231,  ...,  0.1137, -0.9126, -0.0217],
         ...,
         [ 0.8994,  1.0498,  1.2842,  ...,  0.5527, -0.2340, -0.5474],
         [ 1.0059, -0.8838,  0.9106,  ...,  0.5967, -0.3669,  0.0058],
         [ 0.0851, -0.2024,  1.3447,  ...,  0.4155, -0.9634,  0.1349]]],
       device='cuda:0', dtype=torch.float16)
====== model.layers.6.mlp.down_proj
tensor([[[-0.0129,  0.0314, -0.0058,  ..., -0.0017,  0.0010, -0.0015],
         [ 0.4133,  0.4187,  0.4072,  ...,  0.0489, -0.1403,  0.4697],
         [-0.3740,  0.1689,  0.0126,  ...,  0.4976, -0.3042,  0.2363],
         ...,
         [-0.0943,  0.4861, -0.0509,  ..., -0.2815, -0.7104,  0.2422],
         [-0.0575,  0.2417,  0.1824,  ...,  0.1068, -0.3018,  0.1091],
         [-0.1517,  0.0434, -0.2113,  ...,  0.1901, -0.2021, -0.0118]]],
       device='cuda:0', dtype=torch.float16)
====== model.layers.6
tensor([[[ 2.2359e+01,  4.5725e+02, -2.7656e+00,  ..., -1.5527e+00,
          -3.9824e+00, -4.5820e+00],
         [ 1.7822e-02,  1.7881e+00, -7.5684e-03,  ...,  2.0728e-01,
           2.0593e-01,  5.0635e-01],
         [ 8.4473e-01,  1.0586e+00,  1.1633e-01,  ...,  1.6797e-01,
          -7.6025e-01,  3.9160e-01],
         ...,
         [ 1.2213e-01,  2.8848e+00, -2.4744e-01,  ...,  3.2104e-01,
          -1.0762e+00, -8.7891e-03],
         [ 3.2520e-01,  2.4336e+00, -4.0039e-02,  ..., -3.9673e-01,
          -2.3364e-01,  3.6230e-01],
         [ 1.1943e+00,  9.2139e-01, -2.0703e-01,  ...,  5.4932e-03,
          -1.7334e-01,  3.2764e-01]]], device='cuda:0', dtype=torch.float16)
====== model.layers.7.input_layernorm
tensor([[[ 0.1315,  3.7891, -0.0099,  ..., -0.0058, -0.0133, -0.0158],
         [ 0.0258,  3.6543, -0.0067,  ...,  0.1899,  0.1694,  0.4299],
         [ 1.8066,  3.1914,  0.1521,  ...,  0.2271, -0.9233,  0.4905],
         ...,
         [ 0.1647,  5.4844, -0.2040,  ...,  0.2737, -0.8232, -0.0069],
         [ 0.5347,  5.6406, -0.0403,  ..., -0.4126, -0.2180,  0.3489],
         [ 2.9219,  3.1758, -0.3096,  ...,  0.0085, -0.2406,  0.4690]]],
       device='cuda:0', dtype=torch.float16)
====== model.layers.7.self_attn.q_proj
tensor([[[-0.1427, -0.1006, -0.0602,  ...,  0.0054, -0.0289, -0.0321],
         [ 0.4585,  0.5996, -0.7217,  ...,  0.4893, -0.6279,  0.1707],
         [ 0.1719,  0.3159, -0.8291,  ...,  0.0255, -0.0244,  0.3633],
         ...,
         [ 0.2610,  0.2219, -0.0263,  ...,  0.1005, -0.8164,  0.1919],
         [ 0.4116,  0.5151, -0.8936,  ...,  0.3127, -0.2883,  0.2659],
         [ 0.1218, -0.0432, -0.5259,  ...,  0.0374, -0.6665,  0.8032]]],
       device='cuda:0', dtype=torch.float16)
====== model.layers.7.self_attn.k_proj
tensor([[[-4.8637e-03, -1.0548e-03, -2.2469e-03,  ...,  4.8035e-02,
          -4.1553e-01,  3.9941e-01],
         [ 8.1934e-01,  6.4502e-01, -2.9663e-01,  ..., -3.6719e-01,
          -4.5703e-01,  7.7637e-01],
         [ 1.0626e-01,  2.1790e-01,  7.1973e-01,  ..., -1.0518e+00,
           4.7394e-02,  8.9453e-01],
         ...,
         [ 8.8428e-01,  5.5713e-01,  8.9600e-01,  ..., -5.2930e-01,
          -5.6885e-01,  4.5483e-01],
         [ 4.8315e-01,  7.0801e-01,  9.6240e-01,  ..., -1.0137e+00,
          -3.0566e-01,  1.1055e+00],
         [ 5.3613e-01,  2.4744e-01,  4.6704e-01,  ..., -7.3389e-01,
          -8.4277e-01,  6.2061e-01]]], device='cuda:0', dtype=torch.float16)
====== model.layers.7.self_attn.v_proj
tensor([[[-0.0061, -0.0366, -0.0085,  ...,  0.0108,  0.0223, -0.0089],
         [-0.1670,  0.7676, -0.1082,  ..., -0.0454, -0.4111,  0.4958],
         [ 0.1885,  0.2045, -0.3455,  ..., -1.0098, -0.3701,  0.4807],
         ...,
         [ 0.5127,  0.9175,  0.5693,  ..., -0.0067,  0.4929,  0.6099],
         [-0.1356, -0.5229, -0.5732,  ..., -0.2576, -0.0870,  0.6367],
         [-0.1989,  0.5117, -0.5391,  ..., -0.5376, -0.3550, -0.1365]]],
       device='cuda:0', dtype=torch.float16)
====== model.layers.7.self_attn.o_proj
tensor([[[ 0.1201,  0.0982, -0.1957,  ...,  0.0687,  0.0274, -0.1436],
         [-0.3713,  0.1225, -0.1775,  ..., -0.2529, -0.1526, -0.1271],
         [ 0.2693,  0.0123, -0.1056,  ..., -0.5151,  0.0451, -0.1617],
         ...,
         [-0.3083, -0.0883, -0.2761,  ..., -0.4033, -0.2487,  0.2095],
         [ 0.0793,  0.1118,  0.1555,  ...,  0.1043, -0.1666,  0.0469],
         [-0.1321,  0.2986,  0.0060,  ..., -0.0099, -0.1185, -0.4014]]],
       device='cuda:0', dtype=torch.float16)
====== model.layers.7.post_attention_layernorm
tensor([[[ 1.1237e-01, -3.5882e-04, -1.4801e-02,  ..., -7.4654e-03,
          -1.9531e-02, -2.3041e-02],
         [-4.2896e-01, -3.6383e-04, -2.2449e-01,  ..., -5.5695e-02,
           6.3904e-02,  4.4897e-01],
         [ 2.0566e+00, -3.1042e-04,  1.9821e-02,  ..., -6.4453e-01,
          -1.3037e+00,  4.1382e-01],
         ...,
         [-2.0813e-01, -4.9067e-04, -5.8496e-01,  ..., -9.2529e-02,
          -1.4629e+00,  2.1875e-01],
         [ 5.5762e-01, -5.5122e-04,  1.5918e-01,  ..., -4.0576e-01,
          -5.4541e-01,  5.5078e-01],
         [ 2.1875e+00, -3.9434e-04, -4.1382e-01,  ..., -9.0408e-03,
          -5.9326e-01, -1.4807e-01]]], device='cuda:0', dtype=torch.float16)
====== model.layers.7.mlp.gate_proj
tensor([[[-1.1318,  0.2720,  0.0335,  ...,  0.1482, -0.0537, -0.0345],
         [ 0.3367,  1.6201, -3.3789,  ..., -0.9976, -2.0410, -0.3394],
         [ 1.6992,  1.5830, -3.7812,  ..., -2.0156, -1.6592, -0.2123],
         ...,
         [ 1.8770,  1.7578, -3.8105,  ..., -1.8213, -2.7422, -0.1366],
         [ 1.7383,  1.7314, -3.7988,  ..., -1.8135,  0.1727, -0.8691],
         [ 1.2979,  1.4873, -3.6152,  ..., -2.3262, -1.1035, -0.5493]]],
       device='cuda:0', dtype=torch.float16)
====== model.layers.7.mlp.up_proj
tensor([[[-0.2155,  0.1410,  0.1492,  ...,  0.0938,  0.0215, -0.0209],
         [-2.9004,  0.0673,  4.2109,  ..., -0.7959, -0.5933,  0.0646],
         [-2.4551, -1.5127,  5.2227,  ..., -0.6406,  0.1753, -0.0887],
         ...,
         [-1.9629,  0.2006,  4.6719,  ..., -0.9663, -0.3450,  0.4729],
         [-2.4238,  0.1865,  4.5117,  ...,  0.2457,  1.4082,  0.0151],
         [-1.8965, -0.8252,  5.6953,  ..., -0.0728,  0.1952, -0.2190]]],
       device='cuda:0', dtype=torch.float16)
====== model.layers.7.mlp.down_proj
tensor([[[ 7.4997e-03, -2.3376e-02, -6.5184e-04,  ...,  2.2888e-03,
           1.5518e-02,  5.6152e-03],
         [ 3.6401e-01,  7.9639e-01,  3.1860e-01,  ...,  4.0332e-01,
          -3.8544e-02,  1.9702e-01],
         [ 3.0664e-01,  2.6392e-01, -2.0312e-01,  ...,  1.5930e-01,
           1.8018e-01, -1.2402e-01],
         ...,
         [ 2.0398e-01,  5.5566e-01,  3.3398e-01,  ...,  6.7932e-02,
           6.3354e-02, -1.3171e-01],
         [ 3.9551e-02,  5.2246e-01,  3.2080e-01,  ...,  5.5176e-01,
           2.7222e-01,  4.3457e-02],
         [ 2.3145e-01,  4.4312e-01,  1.2384e-01,  ...,  2.8961e-02,
           1.0785e-01,  2.7979e-01]]], device='cuda:0', dtype=torch.float16)
====== model.layers.7
tensor([[[ 2.2484e+01,  4.5725e+02, -2.9609e+00,  ..., -1.4824e+00,
          -3.9395e+00, -4.7227e+00],
         [ 1.0498e-02,  2.7070e+00,  1.3354e-01,  ...,  3.5767e-01,
           1.4801e-02,  5.7617e-01],
         [ 1.4209e+00,  1.3350e+00, -1.9238e-01,  ..., -1.8787e-01,
          -5.3516e-01,  1.0583e-01],
         ...,
         [ 1.7700e-02,  3.3516e+00, -1.8945e-01,  ..., -1.4343e-02,
          -1.2617e+00,  6.8970e-02],
         [ 4.4409e-01,  3.0664e+00,  4.3628e-01,  ...,  2.5928e-01,
          -1.2817e-01,  4.5264e-01],
         [ 1.2939e+00,  1.6631e+00, -7.7209e-02,  ...,  2.4597e-02,
          -1.8384e-01,  2.0605e-01]]], device='cuda:0', dtype=torch.float16)
====== model.layers.8.input_layernorm
tensor([[[ 1.2744e-01,  3.6777e+00, -1.1818e-02,  ..., -5.9204e-03,
          -1.5305e-02, -1.7776e-02],
         [ 1.4442e-02,  5.2852e+00,  1.2939e-01,  ...,  3.4668e-01,
           1.3962e-02,  5.2637e-01],
         [ 2.4961e+00,  3.3301e+00, -2.3804e-01,  ..., -2.3254e-01,
          -6.4453e-01,  1.2341e-01],
         ...,
         [ 2.2400e-02,  6.0234e+00, -1.6895e-01,  ..., -1.2779e-02,
          -1.0947e+00,  5.7953e-02],
         [ 5.7520e-01,  5.6367e+00,  3.9771e-01,  ...,  2.3633e-01,
          -1.1377e-01,  3.8916e-01],
         [ 2.7891e+00,  5.0859e+00, -1.1719e-01,  ...,  3.7323e-02,
          -2.7173e-01,  2.9492e-01]]], device='cuda:0', dtype=torch.float16)
====== model.layers.8.self_attn.q_proj
tensor([[[-0.0280,  0.0196,  0.1033,  ..., -0.1305,  0.0461, -0.1288],
         [-1.3750, -0.9990, -0.3430,  ..., -2.2402,  0.1489, -1.9668],
         [-0.4778, -0.3762,  0.8193,  ..., -2.1777, -0.6846, -1.5088],
         ...,
         [-1.4570, -2.5215,  0.4065,  ..., -1.9766, -0.2109, -1.4678],
         [-1.3867, -1.0176,  0.0523,  ..., -2.2070, -0.6553, -0.9536],
         [-0.2708, -0.8696,  0.0751,  ..., -2.9180,  0.4189, -1.6426]]],
       device='cuda:0', dtype=torch.float16)
====== model.layers.8.self_attn.k_proj
tensor([[[-1.1353e-01, -7.5493e-03, -1.7834e-03,  ..., -1.6094e+00,
           1.2048e-01, -7.0068e-01],
         [-6.6846e-01,  9.5605e-01,  3.6182e-01,  ..., -1.4355e-01,
          -1.8665e-01, -1.8848e+00],
         [-8.0566e-01,  1.3271e+00,  2.3486e-01,  ..., -1.1396e+00,
          -7.8564e-01, -1.1699e+00],
         ...,
         [ 1.5503e-01,  7.5745e-02,  7.6514e-01,  ...,  3.0090e-02,
          -2.5366e-01, -1.0967e+00],
         [-9.4434e-01,  6.6357e-01,  5.6836e-01,  ..., -5.7910e-01,
          -9.5520e-02, -7.3682e-01],
         [-1.4678e+00,  6.3525e-01,  3.9530e-04,  ..., -9.3359e-01,
           9.4543e-02, -1.4922e+00]]], device='cuda:0', dtype=torch.float16)
====== model.layers.8.self_attn.v_proj
tensor([[[-0.0124,  0.0841, -0.0026,  ..., -0.1655,  0.1699, -0.2749],
         [ 0.0487,  0.2688, -0.7183,  ..., -1.5957,  0.0529,  0.0622],
         [ 0.1965, -0.4087, -0.5640,  ..., -1.8486, -0.4543,  0.1427],
         ...,
         [-0.3005,  0.3057,  0.0632,  ..., -2.4219, -0.3105, -0.3918],
         [-0.2881,  0.1729, -0.0980,  ..., -2.5547, -0.5112, -0.3589],
         [ 0.6157,  0.3806, -0.1332,  ..., -2.3418, -0.1498, -0.1241]]],
       device='cuda:0', dtype=torch.float16)
====== model.layers.8.self_attn.o_proj
tensor([[[-8.2275e-02,  1.2195e-01, -2.2559e-01,  ...,  5.0446e-02,
          -1.3940e-01, -1.0809e-01],
         [-2.6318e-01, -7.0190e-02, -3.6304e-01,  ..., -8.5258e-04,
          -9.6375e-02,  3.3173e-02],
         [-3.2776e-02,  1.1865e-01, -1.7847e-01,  ...,  6.1859e-02,
          -3.5309e-02, -6.3658e-05],
         ...,
         [-1.7703e-04, -1.4819e-01,  3.2544e-01,  ...,  7.6843e-02,
          -1.9531e-01, -1.5710e-01],
         [ 1.6327e-02,  3.9276e-02,  1.9324e-01,  ..., -1.3159e-01,
          -1.3954e-02,  5.5115e-02],
         [ 3.8422e-02,  1.7358e-01,  1.7883e-02,  ...,  2.2437e-01,
           1.2708e-01,  3.0396e-02]]], device='cuda:0', dtype=torch.float16)
====== model.layers.8.post_attention_layernorm
tensor([[[ 1.0858e-01,  2.9445e-04, -1.6510e-02,  ..., -7.2861e-03,
          -2.0508e-02, -2.4612e-02],
         [-3.0713e-01,  4.2558e-04, -2.9834e-01,  ...,  4.5581e-01,
          -1.0291e-01,  7.7783e-01],
         [ 2.2266e+00,  3.0947e-04, -6.3574e-01,  ..., -2.1228e-01,
          -9.4922e-01,  1.7822e-01],
         ...,
         [ 1.8158e-02,  4.4084e-04,  1.5063e-01,  ...,  6.8054e-02,
          -1.5674e+00, -9.5947e-02],
         [ 5.0244e-01,  4.5013e-04,  7.3486e-01,  ...,  1.4636e-01,
          -1.6101e-01,  5.8203e-01],
         [ 2.3828e+00,  4.3631e-04, -1.1340e-01,  ...,  4.6753e-01,
          -1.0535e-01,  4.4409e-01]]], device='cuda:0', dtype=torch.float16)
====== model.layers.8.mlp.gate_proj
tensor([[[ 0.4058,  0.6992,  0.3269,  ...,  0.0323, -0.0555,  0.0365],
         [ 1.6699,  2.6055,  2.7031,  ..., -0.8022, -1.5420, -1.1309],
         [ 1.4160,  2.4023,  2.1250,  ...,  0.1786, -0.1803, -1.1699],
         ...,
         [ 1.0537,  2.4766,  3.9492,  ..., -0.1128, -1.6797, -0.4961],
         [ 0.8184,  2.3262,  0.4102,  ...,  1.0547, -0.7485, -2.7383],
         [ 1.5488,  2.5605,  2.5547,  ...,  0.6836, -0.2426, -1.9551]]],
       device='cuda:0', dtype=torch.float16)
====== model.layers.8.mlp.up_proj
tensor([[[ 5.1666e-02,  4.7424e-02, -9.7275e-03,  ...,  5.4321e-02,
          -4.2114e-02, -4.5074e-02],
         [ 4.7144e-01,  6.2207e-01, -6.9287e-01,  ...,  1.2085e-01,
           1.0195e-03, -3.4326e-01],
         [ 5.8250e-03,  7.6416e-01, -3.6743e-02,  ..., -1.2188e+00,
           7.9541e-01,  1.2695e-01],
         ...,
         [ 8.2568e-01,  1.2969e+00,  3.5181e-01,  ..., -9.9365e-02,
           2.0422e-01,  3.4058e-01],
         [-7.1045e-01, -4.1724e-01,  3.9893e-01,  ..., -8.8232e-01,
           6.0596e-01, -2.9541e-01],
         [-1.1621e-01,  8.4424e-01, -4.5242e-03,  ..., -9.6387e-01,
           1.1191e+00,  5.3955e-01]]], device='cuda:0', dtype=torch.float16)
====== model.layers.8.mlp.down_proj
tensor([[[-0.0008, -0.0103, -0.0023,  ..., -0.0020, -0.0010,  0.0028],
         [-0.1398,  0.8008,  0.0192,  ...,  0.0647, -0.1777, -0.0176],
         [ 0.2294,  0.3669,  0.1682,  ..., -0.3247, -0.3279,  0.4253],
         ...,
         [-0.0652,  0.2605, -0.2734,  ...,  0.0302,  0.1647,  0.0492],
         [ 0.5049,  0.3623, -0.3706,  ..., -0.1248, -0.5542,  0.0721],
         [ 0.2507,  0.2249,  0.1013,  ..., -0.0752, -0.0531,  0.1920]]],
       device='cuda:0', dtype=torch.float16)
====== model.layers.8
tensor([[[ 2.2406e+01,  4.5725e+02, -3.1895e+00,  ..., -1.4336e+00,
          -4.0781e+00, -4.8281e+00],
         [-3.9258e-01,  3.4375e+00, -2.1033e-01,  ...,  4.2163e-01,
          -2.5928e-01,  5.9180e-01],
         [ 1.6172e+00,  1.8203e+00, -2.0264e-01,  ..., -4.5068e-01,
          -8.9844e-01,  5.3125e-01],
         ...,
         [-4.7668e-02,  3.4629e+00, -1.3745e-01,  ...,  9.2712e-02,
          -1.2920e+00, -3.8940e-02],
         [ 9.6533e-01,  3.4688e+00,  2.5879e-01,  ...,  2.8687e-03,
          -6.9629e-01,  5.8008e-01],
         [ 1.5830e+00,  2.0625e+00,  4.1931e-02,  ...,  1.7383e-01,
          -1.0986e-01,  4.2847e-01]]], device='cuda:0', dtype=torch.float16)
====== model.layers.9.input_layernorm
tensor([[[ 1.6589e-01,  6.4102e+00, -1.6922e-02,  ..., -7.5150e-03,
          -1.8280e-02, -2.2964e-02],
         [-7.2021e-01,  1.1930e+01, -2.7637e-01,  ...,  5.4736e-01,
          -2.8760e-01,  6.9678e-01],
         [ 3.4219e+00,  7.2930e+00, -3.0688e-01,  ..., -6.7529e-01,
          -1.1494e+00,  7.2168e-01],
         ...,
         [-7.3730e-02,  1.0141e+01, -1.5234e-01,  ...,  1.0156e-01,
          -1.2090e+00, -3.8696e-02],
         [ 1.4531e+00,  9.8906e+00,  2.7905e-01,  ...,  3.0575e-03,
          -6.3428e-01,  5.6104e-01],
         [ 3.8516e+00,  9.5000e+00,  7.3059e-02,  ...,  2.9932e-01,
          -1.6162e-01,  6.6943e-01]]], device='cuda:0', dtype=torch.float16)
====== model.layers.9.self_attn.q_proj
tensor([[[-0.1337, -0.0294, -0.2798,  ...,  0.2339,  0.0449, -0.3398],
         [-0.2488,  0.5361, -0.7651,  ...,  0.9956, -2.7578,  0.9126],
         [-0.2554,  0.5854, -0.7432,  ...,  0.2133, -1.1162, -0.5991],
         ...,
         [-0.4141,  0.6235,  0.1520,  ..., -0.1890, -1.5518,  0.7241],
         [-0.5928,  1.2119, -0.2086,  ...,  0.7930, -1.7207,  0.3718],
         [-0.1788,  0.5664, -0.5469,  ...,  0.4875, -0.9805,  0.5195]]],
       device='cuda:0', dtype=torch.float16)
====== model.layers.9.self_attn.k_proj
tensor([[[ 0.0113,  0.0098,  0.0032,  ...,  0.9570, -0.8901, -0.6602],
         [ 0.5479, -1.0322, -0.0663,  ...,  2.1855, -2.4238, -0.8408],
         [-0.2267, -0.2007,  0.5591,  ...,  1.8213, -1.2617, -1.7090],
         ...,
         [-0.2852, -1.7852,  0.1017,  ...,  0.8892, -1.1094, -0.7256],
         [-0.9092, -1.2451,  1.1865,  ...,  2.6445, -2.1719, -1.2715],
         [-0.9946, -0.4102,  0.5796,  ...,  1.5957, -1.0469, -0.7676]]],
       device='cuda:0', dtype=torch.float16)
====== model.layers.9.self_attn.v_proj
tensor([[[ 0.0018,  0.0085, -0.0454,  ..., -0.0049,  0.0201, -0.0105],
         [-0.2292,  0.4668, -0.4353,  ..., -0.0051, -0.6133,  0.7896],
         [ 0.1210,  0.2522,  0.5596,  ...,  0.7075, -0.8169, -0.0979],
         ...,
         [-0.0121, -0.1002, -0.9619,  ...,  0.5864,  0.0106, -1.7930],
         [ 0.4746,  0.4690,  0.0665,  ...,  1.6973, -0.3757,  1.6699],
         [ 0.4727,  0.6851, -0.7959,  ..., -0.3262,  0.1459, -0.9199]]],
       device='cuda:0', dtype=torch.float16)
====== model.layers.9.self_attn.o_proj
tensor([[[-0.4766,  0.2520, -0.2419,  ..., -0.1148, -0.0371, -0.1318],
         [-0.4658,  0.2856, -0.4946,  ..., -0.4194, -0.0023,  0.1669],
         [-0.4705,  0.5400, -0.0961,  ..., -0.2507,  0.0013, -0.1271],
         ...,
         [-0.2299,  0.2773, -0.1132,  ..., -0.2063,  0.0171, -0.0256],
         [-0.2451,  0.5010, -0.0518,  ..., -0.1214, -0.0601, -0.0762],
         [-0.3579,  0.1327, -0.3606,  ..., -0.2502, -0.0704, -0.3030]]],
       device='cuda:0', dtype=torch.float16)
====== model.layers.9.post_attention_layernorm
tensor([[[ 1.1371e-01,  1.8001e-05, -1.8524e-02,  ..., -8.7891e-03,
          -2.0462e-02, -2.6169e-02],
         [-1.0996e+00,  3.6180e-05, -9.4043e-01,  ...,  3.0785e-03,
          -3.2104e-01,  9.8926e-01],
         [ 1.8848e+00,  2.9385e-05, -5.1123e-01,  ..., -1.2607e+00,
          -1.4141e+00,  6.7627e-01],
         ...,
         [-2.9663e-01,  3.0279e-05, -2.7856e-01,  ..., -1.3281e-01,
          -1.3047e+00, -7.0129e-02],
         [ 7.8125e-01,  3.2663e-05,  2.3376e-01,  ..., -1.4062e-01,
          -7.8662e-01,  5.5615e-01],
         [ 2.1895e+00,  2.9743e-05, -5.9277e-01,  ..., -1.4941e-01,
          -3.0884e-01,  2.2839e-01]]], device='cuda:0', dtype=torch.float16)
====== model.layers.9.mlp.gate_proj
tensor([[[-0.0618,  0.0595,  0.0093,  ...,  0.1372,  0.1492,  0.0811],
         [ 0.5894, -0.1257,  0.3413,  ..., -1.0117, -0.9868, -1.2432],
         [ 0.4993, -0.8438, -0.9199,  ..., -0.4851, -1.3545, -0.6348],
         ...,
         [ 0.8311, -0.7207, -0.8110,  ..., -1.3691, -0.4663, -1.1348],
         [ 0.6104, -0.6187, -0.1372,  ...,  0.3218, -0.8423, -0.4553],
         [ 0.9858, -0.6523, -0.4304,  ..., -0.2363, -1.4824, -1.2891]]],
       device='cuda:0', dtype=torch.float16)
====== model.layers.9.mlp.up_proj
tensor([[[-0.0431, -0.0236,  0.0210,  ..., -0.0197,  0.0302,  0.0040],
         [-0.6680, -0.0148,  0.3289,  ..., -0.4602, -0.3154, -0.0437],
         [-0.1537, -0.0663,  0.1138,  ...,  0.0098, -0.3567,  0.5190],
         ...,
         [-0.8076,  0.4827,  0.4390,  ..., -0.0742,  0.1536,  0.1992],
         [ 0.1503, -0.3406, -0.2445,  ..., -0.3743, -0.6958,  0.6782],
         [-0.2408,  1.2451, -0.0272,  ...,  0.1132, -0.0873,  0.3979]]],
       device='cuda:0', dtype=torch.float16)
====== model.layers.9.mlp.down_proj
tensor([[[ 3.1921e-02, -3.8567e-03, -1.0345e-02,  ...,  8.8425e-03,
           6.3515e-03, -6.6090e-04],
         [ 8.8721e-01,  8.1482e-03,  1.9995e-01,  ...,  3.8910e-02,
           3.7720e-01,  2.1448e-01],
         [ 1.0078e+00,  9.6680e-02,  3.1471e-03,  ..., -2.4158e-01,
           3.6792e-01,  3.1738e-02],
         ...,
         [ 3.8306e-01, -3.3008e-01,  5.3833e-02,  ...,  9.9609e-02,
           7.1297e-03, -1.4648e-01],
         [ 9.5703e-01,  1.8213e-01,  6.0913e-02,  ..., -1.1465e+00,
           7.3389e-01, -3.4570e-01],
         [ 6.7529e-01, -3.7524e-01, -1.4368e-01,  ...,  5.5762e-01,
           5.3613e-01,  4.9469e-02]]], device='cuda:0', dtype=torch.float16)
====== model.layers.9
tensor([[[ 2.1969e+01,  4.5750e+02, -3.4414e+00,  ..., -1.5400e+00,
          -4.1094e+00, -4.9609e+00],
         [ 2.8809e-02,  3.7305e+00, -5.0488e-01,  ...,  4.1107e-02,
           1.1572e-01,  9.7314e-01],
         [ 2.1543e+00,  2.4570e+00, -2.9565e-01,  ..., -9.4287e-01,
          -5.2930e-01,  4.3604e-01],
         ...,
         [ 1.0547e-01,  3.4102e+00, -1.9666e-01,  ..., -1.3977e-02,
          -1.2676e+00, -2.1094e-01],
         [ 1.6777e+00,  4.1523e+00,  2.6807e-01,  ..., -1.2646e+00,
          -2.2461e-02,  1.5820e-01],
         [ 1.9004e+00,  1.8203e+00, -4.6240e-01,  ...,  4.8120e-01,
           3.5596e-01,  1.7493e-01]]], device='cuda:0', dtype=torch.float16)
====== model.layers.10.input_layernorm
tensor([[[ 1.4600e-01,  7.3125e+00, -1.8784e-02,  ..., -8.0338e-03,
          -2.0416e-02, -2.4048e-02],
         [ 4.5471e-02,  1.4148e+01, -6.5430e-01,  ...,  5.0873e-02,
           1.3660e-01,  1.1201e+00],
         [ 3.6230e+00,  9.9297e+00, -4.0845e-01,  ..., -1.2441e+00,
          -6.6602e-01,  5.3516e-01],
         ...,
         [ 1.3782e-01,  1.0711e+01, -2.1094e-01,  ..., -1.4328e-02,
          -1.2383e+00, -2.0105e-01],
         [ 2.0684e+00,  1.2312e+01,  2.7148e-01,  ..., -1.2236e+00,
          -2.0706e-02,  1.4233e-01],
         [ 3.8848e+00,  8.9453e+00, -7.7637e-01,  ...,  7.7148e-01,
           5.4395e-01,  2.6074e-01]]], device='cuda:0', dtype=torch.float16)
====== model.layers.10.self_attn.q_proj
tensor([[[-0.1718, -0.0869,  0.1240,  ...,  0.1092,  0.2822,  0.3850],
         [ 0.5996,  0.0246, -0.0190,  ..., -0.7432,  0.7090,  0.8145],
         [ 1.1279, -0.4985,  0.2341,  ..., -1.0625,  1.4561,  1.8828],
         ...,
         [ 0.7402, -0.7168, -0.1973,  ..., -0.0235,  0.3901, -0.2678],
         [-0.6421, -1.1660,  0.1594,  ..., -0.9492,  1.7754, -0.0857],
         [-0.8906, -1.0898,  0.7729,  ..., -0.9243,  1.9805,  1.2217]]],
       device='cuda:0', dtype=torch.float16)
====== model.layers.10.self_attn.k_proj
tensor([[[ 1.3611e-02, -3.1300e-03,  1.2471e+00,  ..., -6.5674e-01,
           1.9854e+00,  2.6587e-01],
         [ 9.4971e-01, -1.7295e+00, -2.3984e+00,  ..., -1.4248e+00,
           1.3984e+00, -8.7842e-01],
         [ 1.5430e-01, -1.3213e+00, -4.8438e+00,  ..., -2.1035e+00,
           2.6777e+00, -1.4902e+00],
         ...,
         [ 1.0840e+00, -1.7979e+00,  3.8422e-02,  ..., -4.5410e-01,
          -6.7334e-01, -2.3379e+00],
         [ 4.2261e-01, -1.2158e+00, -1.2373e+00,  ..., -1.3750e+00,
           1.7832e+00, -6.5918e-01],
         [-2.7881e-01, -1.7812e+00, -3.2168e+00,  ..., -1.2920e+00,
           1.9355e+00, -8.2031e-01]]], device='cuda:0', dtype=torch.float16)
====== model.layers.10.self_attn.v_proj
tensor([[[-9.3699e-04,  1.8341e-02,  1.6113e-02,  ...,  1.3626e-02,
          -8.9893e-01, -7.8271e-01],
         [-5.3613e-01, -2.1021e-01,  1.3977e-02,  ..., -8.4351e-02,
           2.1362e-01,  3.4058e-01],
         [ 2.3132e-02, -1.5308e-01, -1.1542e-01,  ..., -7.8174e-01,
          -5.0000e-01, -1.2305e+00],
         ...,
         [-5.4199e-01, -2.2778e-01, -4.4189e-02,  ...,  8.4766e-01,
           7.4219e-01,  1.0762e+00],
         [ 3.4497e-01, -7.5928e-01,  1.2500e+00,  ..., -1.6113e-01,
          -1.4238e+00,  8.3252e-01],
         [-2.2729e-01, -5.7471e-01,  2.3889e-01,  ...,  1.8005e-01,
          -6.9287e-01, -4.0552e-01]]], device='cuda:0', dtype=torch.float16)
====== model.layers.10.self_attn.o_proj
tensor([[[-8.2947e-02,  6.3867e-01, -3.5669e-01,  ...,  1.6856e-04,
           2.4072e-01, -4.1107e-02],
         [-7.9803e-03,  6.6992e-01, -2.6147e-01,  ..., -1.8884e-01,
           2.1667e-01, -5.5756e-02],
         [-1.1975e-01,  8.4277e-01, -3.0591e-01,  ...,  4.7340e-03,
           1.6882e-01, -1.2469e-01],
         ...,
         [ 2.6718e-02,  7.2559e-01,  3.0151e-01,  ..., -2.5928e-01,
           1.6345e-01,  8.4106e-02],
         [-3.9648e-01,  8.6230e-01, -1.0590e-01,  ..., -1.0492e-01,
          -1.9983e-01, -3.0176e-01],
         [-9.9060e-02,  7.9688e-01,  1.9507e-01,  ..., -1.6138e-01,
          -1.1011e-01, -2.1326e-01]]], device='cuda:0', dtype=torch.float16)
====== model.layers.10.post_attention_layernorm
tensor([[[ 1.1414e-01, -1.7917e-04, -2.0859e-02,  ..., -8.5449e-03,
          -2.0187e-02, -2.5482e-02],
         [ 2.6031e-02, -4.1199e-04, -1.0088e+00,  ..., -1.9653e-01,
           4.1553e-01,  1.1201e+00],
         [ 2.7012e+00, -3.2830e-04, -8.4033e-01,  ..., -1.3242e+00,
          -4.7803e-01,  4.0332e-01],
         ...,
         [ 1.3245e-01, -3.1066e-04,  1.1066e-01,  ..., -2.9150e-01,
          -1.1074e+00, -1.2415e-01],
         [ 1.2803e+00, -3.7551e-04,  1.7041e-01,  ..., -1.4551e+00,
          -2.2192e-01, -1.4001e-01],
         [ 2.7344e+00, -2.9778e-04, -4.2700e-01,  ...,  5.1660e-01,
           3.7305e-01, -5.6824e-02]]], device='cuda:0', dtype=torch.float16)
====== model.layers.10.mlp.gate_proj
tensor([[[-0.4072, -0.2183, -0.2499,  ...,  0.2573,  0.0576,  0.1481],
         [ 2.4043,  2.0254,  1.9688,  ..., -1.6787,  0.2766, -1.5889],
         [ 3.2559,  1.7148,  1.9199,  ..., -0.3718,  0.3328, -1.2266],
         ...,
         [ 3.0684,  2.3418,  2.5762,  ..., -1.9375, -0.0698, -2.6055],
         [ 2.9922,  2.2207,  1.8418,  ..., -0.6494, -0.0178, -2.1641],
         [ 3.4766,  2.5488,  2.5039,  ..., -0.8989, -0.1171, -1.9912]]],
       device='cuda:0', dtype=torch.float16)
====== model.layers.10.mlp.up_proj
tensor([[[ 0.0651,  0.0070,  0.0257,  ...,  0.0095, -0.0437, -0.0021],
         [-0.7925,  0.2959,  0.3435,  ...,  0.9624, -0.1188,  0.2366],
         [-1.4414,  0.7710, -0.4812,  ..., -1.1797,  0.0600,  0.2284],
         ...,
         [-0.2688,  0.7437,  0.9595,  ..., -0.8662, -0.1266, -0.5820],
         [ 0.1741,  0.8525,  0.4714,  ...,  0.1699, -0.8770,  0.2539],
         [-0.6528,  1.2402,  0.0732,  ..., -0.0384, -0.3337,  0.0211]]],
       device='cuda:0', dtype=torch.float16)
====== model.layers.10.mlp.down_proj
tensor([[[ 4.3640e-02, -3.3356e-02, -7.1297e-03,  ...,  1.0956e-02,
           9.6664e-03, -2.9612e-04],
         [ 2.9492e-01, -1.1603e-01,  5.7715e-01,  ...,  2.2253e-01,
          -5.1904e-01, -8.7451e-01],
         [ 8.7939e-01, -1.8628e-01,  3.8745e-01,  ..., -1.2421e-01,
          -2.9541e-02,  2.6270e-01],
         ...,
         [ 3.7061e-01, -2.5467e-02, -3.9520e-02,  ...,  2.0691e-02,
          -3.9282e-01, -6.5918e-01],
         [-9.2102e-02, -3.9038e-01,  4.5166e-01,  ...,  5.0977e-01,
          -3.2764e-01, -9.0723e-01],
         [ 5.4346e-01, -8.2959e-01,  2.8467e-01,  ..., -6.4514e-02,
           1.9727e-01, -2.6587e-01]]], device='cuda:0', dtype=torch.float16)
====== model.layers.10
tensor([[[ 2.1938e+01,  4.5825e+02, -3.8066e+00,  ..., -1.5293e+00,
          -3.8594e+00, -5.0039e+00],
         [ 3.1567e-01,  4.2812e+00, -1.8945e-01,  ...,  7.4829e-02,
          -1.8652e-01,  4.2969e-02],
         [ 2.9141e+00,  3.1152e+00, -2.1411e-01,  ..., -1.0625e+00,
          -3.8989e-01,  5.7422e-01],
         ...,
         [ 5.0293e-01,  4.1094e+00,  6.5308e-02,  ..., -2.5244e-01,
          -1.4971e+00, -7.8613e-01],
         [ 1.1895e+00,  4.6250e+00,  6.1377e-01,  ..., -8.5938e-01,
          -5.4980e-01, -1.0508e+00],
         [ 2.3457e+00,  1.7871e+00,  1.7334e-02,  ...,  2.5537e-01,
           4.4312e-01, -3.0420e-01]]], device='cuda:0', dtype=torch.float16)
====== model.layers.11.input_layernorm
tensor([[[ 2.0740e-01,  1.2297e+01, -3.2745e-02,  ..., -1.2962e-02,
          -2.4368e-02, -2.9297e-02],
         [ 6.5869e-01,  2.5359e+01, -3.5962e-01,  ...,  1.4001e-01,
          -2.6001e-01,  5.5542e-02],
         [ 5.5859e+00,  1.6953e+01, -3.7329e-01,  ..., -1.8262e+00,
          -4.9902e-01,  6.8164e-01],
         ...,
         [ 8.7549e-01,  2.0297e+01,  1.0339e-01,  ..., -3.9404e-01,
          -1.7402e+00, -8.4766e-01],
         [ 1.9443e+00,  2.1453e+01,  9.1211e-01,  ..., -1.2588e+00,
          -5.9961e-01, -1.0635e+00],
         [ 5.3516e+00,  1.1570e+01,  3.5950e-02,  ...,  5.2197e-01,
           6.7480e-01, -4.2969e-01]]], device='cuda:0', dtype=torch.float16)
====== model.layers.11.self_attn.q_proj
tensor([[[ 0.2111,  0.3674,  0.6426,  ...,  0.0213, -0.0698, -0.0707],
         [-1.1748,  2.9961, 11.3047,  ...,  0.7275, -0.5029, -0.7886],
         [-0.6660, -0.8857,  8.5938,  ...,  0.7319, -1.7285, -0.2432],
         ...,
         [-0.1074,  3.1758,  8.3672,  ...,  1.4668,  0.1519, -0.9644],
         [-2.2461,  7.3203,  5.8945,  ...,  1.4932, -0.6143, -0.5518],
         [-2.1387, -0.9087,  6.2305,  ...,  1.4268, -0.2854, -1.0859]]],
       device='cuda:0', dtype=torch.float16)
====== model.layers.11.self_attn.k_proj
tensor([[[ 0.0131,  0.0086, -0.0207,  ...,  0.0195, -0.7627, -0.2827],
         [-0.2400, -0.3186,  1.5283,  ..., -0.1401, -2.3867, -0.9028],
         [ 0.3533, -0.2277,  1.6182,  ..., -0.0621, -2.7207, -1.0195],
         ...,
         [-0.0665, -0.5107,  3.1719,  ...,  0.2068, -1.3828, -0.2737],
         [-0.9683, -2.2832,  2.6191,  ...,  0.0980, -2.9902, -0.1106],
         [ 0.5991, -1.0098,  3.1035,  ..., -0.5972, -2.1465, -0.4827]]],
       device='cuda:0', dtype=torch.float16)
====== model.layers.11.self_attn.v_proj
tensor([[[ 8.4033e-01,  1.7899e-02, -1.1642e-02,  ...,  5.8603e-04,
           1.1589e-02,  6.0645e-01],
         [ 2.9077e-01, -6.6467e-02,  1.3262e+00,  ..., -1.1401e-01,
          -1.8945e+00,  1.4990e+00],
         [ 5.3564e-01, -6.9275e-02,  2.7661e-01,  ..., -2.8906e-01,
           8.9966e-02,  7.2266e-01],
         ...,
         [ 1.5566e+00, -2.0721e-02,  5.2100e-01,  ...,  3.1665e-01,
          -5.5566e-01,  2.8105e+00],
         [-2.8672e+00,  2.7393e-01,  4.1187e-01,  ...,  5.4199e-01,
          -1.4092e+00,  1.0645e+00],
         [-8.9111e-01,  2.3230e-01, -1.0370e-01,  ...,  2.0288e-01,
          -6.9629e-01, -3.4644e-01]]], device='cuda:0', dtype=torch.float16)
====== model.layers.11.self_attn.o_proj
tensor([[[ 0.0154,  0.4937, -0.2556,  ..., -0.1719,  0.0473, -0.2249],
         [-0.4277,  0.3162,  0.4026,  ...,  0.5112,  0.2101,  0.1918],
         [-0.0914,  0.3728,  0.0599,  ...,  0.8193,  0.2844, -0.3445],
         ...,
         [-0.2240,  0.0097,  0.3276,  ...,  0.7349, -0.3230, -0.0412],
         [-0.3113,  0.1315,  0.0606,  ...,  0.2693,  0.1747,  0.0181],
         [-0.1411,  0.4114,  0.0875,  ..., -0.0062, -0.0813,  0.0657]]],
       device='cuda:0', dtype=torch.float16)
====== model.layers.11.post_attention_layernorm
tensor([[[ 9.1797e-02,  5.6386e-05, -2.8397e-02,  ..., -1.2146e-02,
          -2.1286e-02, -3.0014e-02],
         [-9.3201e-02,  1.1241e-04,  2.9639e-01,  ...,  8.3252e-01,
           2.6184e-02,  2.6782e-01],
         [ 2.3828e+00,  8.6606e-05, -2.1790e-01,  ..., -3.5083e-01,
          -1.1896e-01,  2.6636e-01],
         ...,
         [ 1.9653e-01,  8.5294e-05,  4.6289e-01,  ...,  5.8057e-01,
          -1.7129e+00, -7.9980e-01],
         [ 5.9473e-01,  9.4771e-05,  7.6367e-01,  ..., -6.8262e-01,
          -3.3936e-01, -9.5947e-01],
         [ 2.0645e+00,  6.0558e-05,  1.6406e-01,  ...,  3.9868e-01,
           4.5264e-01, -3.0664e-01]]], device='cuda:0', dtype=torch.float16)
====== model.layers.11.mlp.gate_proj
tensor([[[ 0.3120,  0.0372, -0.0415,  ..., -0.0762,  0.0365, -0.0812],
         [ 2.2461,  1.9336, -1.8711,  ...,  0.3147, -0.8843, -0.8730],
         [ 2.7656,  2.1367, -2.3652,  ...,  0.4329, -0.3789, -0.7900],
         ...,
         [ 2.5508,  1.3320, -2.3203,  ..., -0.1350,  0.2817, -0.8428],
         [ 2.7637,  0.7163, -2.2109,  ...,  0.6011,  0.0628, -0.4871],
         [ 3.1875,  0.9644, -1.4473,  ...,  0.9092,  0.9868, -0.1542]]],
       device='cuda:0', dtype=torch.float16)
====== model.layers.11.mlp.up_proj
tensor([[[-7.0923e-02, -5.1361e-02,  2.0691e-01,  ...,  1.3504e-03,
          -4.6997e-03,  1.9777e-04],
         [-7.7930e-01,  1.4375e+00, -3.3594e+00,  ..., -8.2812e-01,
          -9.3750e-01, -2.4072e-01],
         [-6.2842e-01, -6.5869e-01, -4.5078e+00,  ..., -2.5684e-01,
          -5.8740e-01, -9.4360e-02],
         ...,
         [-7.5098e-01,  1.2881e+00, -3.2520e+00,  ..., -8.8037e-01,
          -9.3115e-01,  6.7920e-01],
         [-2.5635e-01,  9.0771e-01, -4.1758e+00,  ..., -1.5161e-01,
           9.5703e-02,  7.8076e-01],
         [-1.3135e+00,  1.2578e+00, -5.8320e+00,  ...,  2.4500e-01,
          -6.6992e-01,  1.2744e-01]]], device='cuda:0', dtype=torch.float16)
====== model.layers.11.mlp.down_proj
tensor([[[-1.7176e-03, -1.3695e-03,  8.6927e-04,  ..., -2.5635e-03,
          -9.4032e-04,  2.3136e-03],
         [ 2.7637e-01, -3.0884e-01, -2.9980e-01,  ..., -3.2495e-01,
           2.8833e-01,  1.2512e-01],
         [ 2.9810e-01, -1.8875e-02, -4.2206e-02,  ..., -2.1533e-01,
           2.0471e-01,  1.6748e-01],
         ...,
         [ 6.1523e-01, -4.3237e-01,  4.8242e-01,  ..., -8.3350e-01,
           6.2012e-01, -4.3286e-01],
         [ 1.3086e-01,  1.7273e-01, -2.6416e-01,  ...,  3.0322e-01,
           3.1519e-01,  7.0020e-01],
         [ 3.0762e-01, -2.7295e-01,  1.1902e-01,  ..., -6.5491e-02,
          -3.8110e-01,  9.2480e-01]]], device='cuda:0', dtype=torch.float16)
====== model.layers.11
tensor([[[ 2.1953e+01,  4.5875e+02, -4.0625e+00,  ..., -1.7041e+00,
          -3.8125e+00, -5.2266e+00],
         [ 1.6431e-01,  4.2891e+00, -8.6670e-02,  ...,  2.6099e-01,
           3.1201e-01,  3.5986e-01],
         [ 3.1211e+00,  3.4688e+00, -1.9653e-01,  ..., -4.5850e-01,
           9.9243e-02,  3.9722e-01],
         ...,
         [ 8.9404e-01,  3.6855e+00,  8.7549e-01,  ..., -3.5107e-01,
          -1.2002e+00, -1.2598e+00],
         [ 1.0088e+00,  4.9297e+00,  4.1016e-01,  ..., -2.8662e-01,
          -5.9814e-02, -3.3203e-01],
         [ 2.5117e+00,  1.9258e+00,  2.2388e-01,  ...,  1.8359e-01,
          -1.9287e-02,  6.8652e-01]]], device='cuda:0', dtype=torch.float16)
====== model.layers.12.input_layernorm
tensor([[[ 0.1500, 10.8047, -0.0466,  ..., -0.0190, -0.0314, -0.0418],
         [ 0.2045, 18.3906, -0.1810,  ...,  0.5308,  0.4678,  0.5239],
         [ 3.7871, 14.5156, -0.4001,  ..., -0.9087,  0.1453,  0.5635],
         ...,
         [ 0.9478, 13.4609,  1.5576,  ..., -0.6079, -1.5322, -1.5615],
         [ 1.0703, 18.0156,  0.7300,  ..., -0.4963, -0.0764, -0.4119],
         [ 3.4336,  9.0703,  0.5137,  ...,  0.4102, -0.0318,  1.0977]]],
       device='cuda:0', dtype=torch.float16)
====== model.layers.12.self_attn.q_proj
tensor([[[ 0.0428,  0.0638,  0.0666,  ...,  0.1371,  0.1433, -0.6284],
         [-0.3933,  0.3201, -0.4504,  ...,  1.3672,  1.3574, -5.3203],
         [-0.1610,  0.1081, -0.1443,  ...,  0.4102,  2.0859, -5.3008],
         ...,
         [-0.2834,  0.6108,  0.4839,  ...,  2.0117,  1.2285, -4.4141],
         [ 0.0714,  0.0322,  0.3137,  ...,  2.3965,  2.1387, -3.8359],
         [-0.4280,  0.2710, -0.2238,  ...,  2.0820,  1.6416, -4.3828]]],
       device='cuda:0', dtype=torch.float16)
====== model.layers.12.self_attn.k_proj
tensor([[[ 2.3651e-03,  1.1063e-02, -3.0918e-03,  ...,  2.2676e+00,
           3.6035e-01, -2.8516e+00],
         [ 2.6025e-01,  5.1660e-01, -4.5850e-01,  ..., -6.0010e-01,
           2.6152e+00, -5.5859e-01],
         [-2.3596e-01,  1.8623e+00, -4.1992e-01,  ..., -5.5420e-01,
           4.9414e+00, -9.1455e-01],
         ...,
         [-5.0928e-01,  8.1934e-01, -7.1826e-01,  ...,  3.7866e-01,
           9.3799e-01,  1.1230e+00],
         [-2.3361e-02,  1.6816e+00, -2.1914e+00,  ...,  3.4790e-02,
           4.8594e+00, -1.4609e+00],
         [ 1.7017e-01,  8.7842e-01, -2.1033e-01,  ..., -1.5166e+00,
           3.9355e+00, -3.7598e-01]]], device='cuda:0', dtype=torch.float16)
====== model.layers.12.self_attn.v_proj
tensor([[[ 0.0231,  0.0534,  0.0127,  ..., -0.7095, -0.0210, -0.0160],
         [-0.2744,  0.6401, -0.0994,  ...,  0.2335,  0.5137, -1.0840],
         [-1.1494,  0.6606, -0.2249,  ..., -1.3799, -0.2720, -1.4160],
         ...,
         [-0.0331,  0.8022,  0.1321,  ..., -1.6455,  0.8960, -0.7188],
         [ 0.2341,  0.1508,  0.4976,  ..., -0.6958,  1.5615,  1.0918],
         [-0.1326, -0.5562,  0.1384,  ...,  1.3896,  0.1032,  0.7427]]],
       device='cuda:0', dtype=torch.float16)
====== model.layers.12.self_attn.o_proj
tensor([[[-0.2079,  0.3118, -0.2191,  ..., -0.0221,  0.1368,  0.0709],
         [-0.2637,  0.3274, -0.1803,  ..., -0.1219,  0.2146,  0.0019],
         [-0.3123,  0.4343, -0.2113,  ..., -0.0997,  0.2106, -0.1048],
         ...,
         [-0.2482,  0.4370, -0.2852,  ..., -0.0486,  0.1624,  0.0485],
         [-0.3103,  0.5742,  0.0790,  ...,  0.0224, -0.1780,  0.0406],
         [-0.3792,  0.5288, -0.0534,  ...,  0.3694, -0.1412,  0.0640]]],
       device='cuda:0', dtype=torch.float16)
====== model.layers.12.post_attention_layernorm
tensor([[[ 9.1614e-02,  2.4629e-04, -2.9922e-02,  ..., -1.2383e-02,
          -2.1423e-02, -2.9892e-02],
         [-7.8674e-02,  4.6587e-04, -3.5107e-01,  ...,  1.8774e-01,
           5.7715e-01,  3.9453e-01],
         [ 2.1738e+00,  3.8457e-04, -5.2344e-01,  ..., -7.3486e-01,
           3.3179e-01,  3.1152e-01],
         ...,
         [ 4.2554e-01,  3.4595e-04,  6.4551e-01,  ..., -4.4849e-01,
          -9.4629e-01, -1.0986e+00],
         [ 4.6362e-01,  4.6539e-04,  5.3906e-01,  ..., -2.9858e-01,
          -2.1838e-01, -2.6636e-01],
         [ 1.7646e+00,  2.5868e-04,  2.3389e-01,  ...,  7.7881e-01,
          -1.8384e-01,  8.5547e-01]]], device='cuda:0', dtype=torch.float16)
====== model.layers.12.mlp.gate_proj
tensor([[[-0.2363, -0.2499, -0.4854,  ...,  0.0616,  0.0395,  0.1181],
         [ 1.6729,  0.3977,  1.3623,  ..., -0.5415, -0.5225, -1.7129],
         [ 2.1836,  0.7021,  2.0293,  ..., -0.6978, -0.5830, -0.8452],
         ...,
         [ 1.9102,  1.0811,  1.6631,  ..., -1.3301, -0.5005, -1.4648],
         [ 1.7549,  0.7734,  1.6660,  ..., -1.3525, -0.9141, -1.4932],
         [ 1.4443,  0.8389,  2.8105,  ..., -0.7974, -0.4641, -0.7769]]],
       device='cuda:0', dtype=torch.float16)
====== model.layers.12.mlp.up_proj
tensor([[[ 1.0300e-03,  2.5826e-03, -2.6978e-02,  ..., -1.4343e-02,
           5.4550e-03,  2.5558e-02],
         [ 2.2803e-01, -8.8196e-03,  1.2354e+00,  ...,  7.6367e-01,
           6.8311e-01, -7.4902e-01],
         [ 2.3804e-01, -8.7708e-02,  1.1250e+00,  ..., -2.3315e-01,
           1.6113e-01, -6.9458e-02],
         ...,
         [ 4.5972e-01, -5.5664e-01,  1.4756e+00,  ...,  2.9614e-01,
           1.1396e+00,  2.2095e-01],
         [ 7.5781e-01,  1.0724e-01,  1.3906e+00,  ...,  3.9893e-01,
          -6.5186e-02,  5.3906e-01],
         [ 2.9956e-01, -7.5256e-02,  1.2891e+00,  ...,  3.0615e-01,
           3.2617e-01, -5.1880e-02]]], device='cuda:0', dtype=torch.float16)
====== model.layers.12.mlp.down_proj
tensor([[[ 7.8049e-03, -5.6419e-03, -6.0959e-03,  ...,  6.6490e-03,
           1.2817e-03, -2.3289e-03],
         [ 4.1821e-01, -1.0284e-01,  4.5142e-01,  ...,  1.1597e-01,
           1.1444e-01, -3.1185e-04],
         [ 4.0991e-01, -1.2781e-01,  6.5576e-01,  ...,  4.5947e-01,
          -4.5020e-01, -1.6052e-01],
         ...,
         [-1.5186e-01, -2.9565e-01,  3.8159e-01,  ...,  2.1497e-01,
           6.7810e-02,  3.0591e-01],
         [ 2.2620e-01,  3.1223e-03,  6.1523e-01,  ...,  4.3140e-01,
          -1.4270e-01, -5.4346e-01],
         [ 6.7578e-01, -9.0942e-02, -3.9160e-01,  ...,  1.8509e-02,
           6.3086e-01, -4.0894e-01]]], device='cuda:0', dtype=torch.float16)
====== model.layers.12
tensor([[[ 2.1750e+01,  4.5900e+02, -4.2891e+00,  ..., -1.7197e+00,
          -3.6738e+00, -5.1602e+00],
         [ 3.1885e-01,  4.5156e+00,  1.8433e-01,  ...,  2.5513e-01,
           6.4062e-01,  3.6157e-01],
         [ 3.2188e+00,  3.7754e+00,  2.4805e-01,  ..., -9.8633e-02,
          -1.4038e-01,  1.3196e-01],
         ...,
         [ 4.9414e-01,  3.8262e+00,  9.7168e-01,  ..., -1.8469e-01,
          -9.7021e-01, -9.0527e-01],
         [ 9.2432e-01,  5.5078e+00,  1.1045e+00,  ...,  1.6724e-01,
          -3.8037e-01, -8.3496e-01],
         [ 2.8086e+00,  2.3633e+00, -2.2119e-01,  ...,  5.7129e-01,
           4.7021e-01,  3.4155e-01]]], device='cuda:0', dtype=torch.float16)
====== model.layers.13.input_layernorm
tensor([[[ 1.8457e-01,  1.2102e+01, -5.0537e-02,  ..., -2.0676e-02,
          -3.3417e-02, -4.5349e-02],
         [ 4.6875e-01,  2.0625e+01,  3.7622e-01,  ...,  5.3174e-01,
           1.0098e+00,  5.5078e-01],
         [ 4.5352e+00,  1.6531e+01,  4.8511e-01,  ..., -1.9690e-01,
          -2.1204e-01,  1.9250e-01],
         ...,
         [ 6.4209e-01,  1.5453e+01,  1.7539e+00,  ..., -3.4033e-01,
          -1.3516e+00, -1.2188e+00],
         [ 1.1924e+00,  2.2078e+01,  1.9775e+00,  ...,  3.0566e-01,
          -5.2588e-01, -1.1152e+00],
         [ 4.2578e+00,  1.1133e+01, -4.6558e-01,  ...,  1.2275e+00,
           7.6367e-01,  5.3662e-01]]], device='cuda:0', dtype=torch.float16)
====== model.layers.13.self_attn.q_proj
tensor([[[ 0.2849, -0.4355, -0.5889,  ..., -0.1340,  0.3428, -0.1467],
         [ 0.9668, -7.4922, -0.5718,  ...,  0.3804,  4.4219,  0.3350],
         [ 0.8608, -6.5391, -0.5200,  ...,  1.1699,  3.9727, -0.3132],
         ...,
         [ 1.2754, -3.5684, -2.2539,  ...,  1.0176,  4.3789,  1.1475],
         [ 2.3594, -5.6562, -1.3506,  ...,  1.6406,  4.1328,  0.1079],
         [ 1.8545, -5.5586, -1.2373,  ...,  0.8882,  3.7812, -0.4907]]],
       device='cuda:0', dtype=torch.float16)
====== model.layers.13.self_attn.k_proj
tensor([[[-2.1439e-03,  3.4729e-02,  2.0618e-01,  ..., -3.7811e-02,
           3.2969e+00, -1.2793e+00],
         [-1.2878e-01, -1.5210e-01,  1.0557e+00,  ...,  3.9746e-01,
           2.2305e+00, -1.7686e+00],
         [ 2.9688e-01, -8.1787e-02, -1.1194e-01,  ...,  2.1387e+00,
           2.2793e+00, -1.6484e+00],
         ...,
         [-8.7744e-01, -1.1455e+00,  2.1924e-01,  ...,  9.7852e-01,
           9.0527e-01, -4.4336e-01],
         [-9.6045e-01, -3.6987e-01,  3.7378e-01,  ...,  2.2188e+00,
           2.2676e+00, -1.9980e+00],
         [-3.5181e-01, -1.8097e-02, -4.7461e-01,  ...,  6.2549e-01,
           1.7422e+00, -2.6309e+00]]], device='cuda:0', dtype=torch.float16)
====== model.layers.13.self_attn.v_proj
tensor([[[ 0.0155,  0.0072, -0.1608,  ...,  0.0342, -0.0591,  0.0618],
         [-1.2656,  0.4951, -0.5181,  ..., -1.0947,  0.3643, -0.7002],
         [-3.0293, -0.1584,  0.6875,  ...,  0.2499,  0.6616,  0.1003],
         ...,
         [-2.0762,  0.6748, -0.8325,  ...,  0.5586,  0.9414,  0.3276],
         [-1.4258,  0.2742,  0.4565,  ..., -0.6416, -0.5161,  0.2395],
         [-2.0664, -0.5728, -0.0694,  ..., -0.0734, -0.6108,  0.5391]]],
       device='cuda:0', dtype=torch.float16)
====== model.layers.13.self_attn.o_proj
tensor([[[-0.2191,  0.4072, -0.2703,  ..., -0.0544, -0.0436,  0.1814],
         [-0.2179,  0.4058, -0.0885,  ..., -0.0898, -0.0355,  0.1013],
         [-0.3323,  0.4451,  0.0267,  ..., -0.0378,  0.1008,  0.2450],
         ...,
         [-0.2444,  0.0841,  0.2318,  ..., -0.0762,  0.0163, -0.0379],
         [-0.5215,  0.1698,  0.2181,  ..., -0.1968, -0.0260,  0.2913],
         [-0.2815,  0.5186,  0.1792,  ...,  0.2944,  0.1444, -0.1510]]],
       device='cuda:0', dtype=torch.float16)
====== model.layers.13.post_attention_layernorm
tensor([[[ 1.0455e-01,  2.9087e-05, -3.7323e-02,  ..., -1.4740e-02,
          -2.4170e-02, -3.1647e-02],
         [ 8.6487e-02,  5.5015e-05,  1.3843e-01,  ...,  2.4231e-01,
           6.9434e-01,  5.1904e-01],
         [ 2.4121e+00,  4.5955e-05,  3.8672e-01,  ..., -1.9482e-01,
          -4.4250e-02,  4.1187e-01],
         ...,
         [ 1.8115e-01,  3.7014e-05,  1.4707e+00,  ..., -3.2373e-01,
          -9.2725e-01, -8.9502e-01],
         [ 2.9785e-01,  5.4777e-05,  1.6484e+00,  ..., -3.7384e-02,
          -4.0259e-01, -5.2637e-01],
         [ 2.1602e+00,  3.2127e-05, -6.0486e-02,  ...,  1.2646e+00,
           7.0361e-01,  2.1301e-01]]], device='cuda:0', dtype=torch.float16)
====== model.layers.13.mlp.gate_proj
tensor([[[ 0.0516, -0.1842, -0.2365,  ...,  0.0454,  0.1206,  0.0538],
         [-1.2422,  0.0327,  0.1696,  ...,  0.5835, -2.2129, -0.5205],
         [-1.3486,  0.5894,  0.6270,  ..., -0.2362, -1.8643, -0.5591],
         ...,
         [-1.4570,  0.8877,  0.8306,  ..., -0.5498, -1.5801, -0.6851],
         [-1.3730,  1.0732,  1.2734,  ..., -0.2683, -1.8857, -0.8574],
         [ 0.0363,  1.2246,  1.7959,  ..., -0.9292, -1.4893, -0.4165]]],
       device='cuda:0', dtype=torch.float16)
====== model.layers.13.mlp.up_proj
tensor([[[ 0.0435,  0.0356,  0.0152,  ...,  0.0195,  0.0202, -0.0342],
         [-0.3257, -0.5625,  0.5771,  ...,  0.1229, -0.2773,  0.2195],
         [ 0.3831, -0.2903,  0.1561,  ...,  0.0381, -0.4434, -0.7139],
         ...,
         [-0.0078, -0.7192,  0.7510,  ...,  0.4680, -0.2532, -1.8506],
         [ 0.3943, -0.8945, -0.2559,  ..., -0.6030,  0.1674,  0.2262],
         [ 0.8726, -0.2079, -0.8047,  ..., -0.2615, -1.4766,  0.2561]]],
       device='cuda:0', dtype=torch.float16)
====== model.layers.13.mlp.down_proj
tensor([[[ 0.0140, -0.0129,  0.0012,  ...,  0.0070,  0.0075,  0.0040],
         [ 0.0385,  0.0176, -0.3831,  ...,  0.2159,  0.5059, -0.0997],
         [ 0.0296, -0.2695, -0.3359,  ..., -0.1616, -0.0248,  0.3232],
         ...,
         [ 0.3921, -0.2004, -0.5366,  ...,  0.6167, -0.0520, -0.1257],
         [ 0.0456, -0.2395, -0.2471,  ...,  0.0299, -0.5103,  0.1453],
         [ 0.1600, -0.3394,  0.2571,  ...,  0.1049,  0.0232,  0.4900]]],
       device='cuda:0', dtype=torch.float16)
====== model.layers.13
tensor([[[ 2.1547e+01,  4.5950e+02, -4.5586e+00,  ..., -1.7676e+00,
          -3.7090e+00, -4.9766e+00],
         [ 1.3940e-01,  4.9414e+00, -2.8711e-01,  ...,  3.8135e-01,
           1.1113e+00,  3.6328e-01],
         [ 2.9160e+00,  3.9492e+00, -6.1279e-02,  ..., -2.9785e-01,
          -6.4331e-02,  7.0020e-01],
         ...,
         [ 6.4160e-01,  3.7090e+00,  6.6650e-01,  ...,  3.5571e-01,
          -1.0059e+00, -1.0693e+00],
         [ 4.4849e-01,  5.4375e+00,  1.0752e+00,  ...,  3.9673e-04,
          -9.1650e-01, -3.9868e-01],
         [ 2.6875e+00,  2.5430e+00,  2.1509e-01,  ...,  9.7070e-01,
           6.3818e-01,  6.8066e-01]]], device='cuda:0', dtype=torch.float16)
====== model.layers.14.input_layernorm
tensor([[[ 1.8164e-01,  1.3922e+01, -7.4646e-02,  ..., -2.6443e-02,
          -3.9398e-02, -5.1056e-02],
         [ 2.0166e-01,  2.5688e+01, -8.0664e-01,  ...,  9.7949e-01,
           2.0273e+00,  6.4014e-01],
         [ 4.0898e+00,  1.9906e+01, -1.6687e-01,  ..., -7.4170e-01,
          -1.1377e-01,  1.1963e+00],
         ...,
         [ 7.9199e-01,  1.6453e+01,  1.5967e+00,  ...,  7.7930e-01,
          -1.5654e+00, -1.6064e+00],
         [ 5.5371e-01,  2.4125e+01,  2.5781e+00,  ...,  8.6927e-04,
          -1.4268e+00, -5.9912e-01],
         [ 3.8008e+00,  1.2930e+01,  5.9082e-01,  ...,  2.4375e+00,
           1.1387e+00,  1.1719e+00]]], device='cuda:0', dtype=torch.float16)
====== model.layers.14.self_attn.q_proj
tensor([[[ 0.2161, -0.0980,  0.2917,  ..., -0.1254, -0.0579,  0.2800],
         [ 1.2217, -4.3203,  1.3252,  ..., -0.6846, -1.7520,  3.6152],
         [ 2.2129, -4.0156,  0.8018,  ..., -1.8594, -3.0488,  3.2910],
         ...,
         [ 0.6152, -2.4961,  2.2109,  ..., -0.2561, -2.2617,  2.7441],
         [ 0.5728, -4.3320,  1.9336,  ..., -3.1523, -2.7832,  3.6660],
         [-0.7798, -6.3750,  1.6455,  ..., -1.7949, -2.8301,  3.2266]]],
       device='cuda:0', dtype=torch.float16)
====== model.layers.14.self_attn.k_proj
tensor([[[ 0.0127, -0.0254, -0.0225,  ..., -0.7144, -0.6104,  3.1934],
         [-0.0659,  1.2217,  0.2742,  ..., -1.9521, -1.9756,  3.0723],
         [ 0.3325,  0.6084,  0.3157,  ..., -3.1309, -4.4375,  2.6445],
         ...,
         [-1.1758,  0.9302,  0.2446,  ..., -1.1055, -2.0156,  1.3818],
         [-0.7002,  3.2031,  2.3164,  ..., -5.0781, -3.0938,  2.4297],
         [-0.4321,  0.3308,  1.0479,  ..., -2.9531, -3.2676,  2.4180]]],
       device='cuda:0', dtype=torch.float16)
====== model.layers.14.self_attn.v_proj
tensor([[[ 0.1924,  0.0043,  0.0131,  ..., -0.0112, -0.0141,  0.0526],
         [-1.3711, -0.0156, -1.1562,  ...,  0.1071,  0.3340, -0.0377],
         [-0.4043, -0.3467,  0.9819,  ...,  0.7007, -0.4163, -0.2329],
         ...,
         [-2.4277,  1.4326,  1.3555,  ..., -0.6265, -0.1503,  0.4028],
         [-0.8799, -2.1250, -0.1852,  ...,  0.6494,  0.6919,  0.7666],
         [ 1.1787, -1.6963,  2.5566,  ..., -0.3323,  0.2338, -0.4543]]],
       device='cuda:0', dtype=torch.float16)
====== model.layers.14.self_attn.o_proj
tensor([[[-0.2537, -0.5562, -0.0851,  ...,  0.0193,  0.0635,  0.0363],
         [-0.3215, -0.6694,  0.2156,  ...,  0.1000, -0.0310, -0.1829],
         [-0.2468, -0.1443, -0.1021,  ..., -0.0608,  0.2474,  0.0343],
         ...,
         [-0.2744, -0.0133, -0.4451,  ..., -0.0466,  0.1202, -0.0884],
         [-0.0760, -0.3738, -0.0388,  ...,  0.1787,  0.4468, -0.3489],
         [ 0.0149,  0.5396, -0.0784,  ..., -0.5625, -0.0368, -0.2384]]],
       device='cuda:0', dtype=torch.float16)
====== model.layers.14.post_attention_layernorm
tensor([[[ 1.2042e-01,  5.1796e-05, -5.2765e-02,  ..., -1.6449e-02,
          -2.5940e-02, -3.2928e-02],
         [-1.8237e-01,  8.5413e-05, -1.4404e-01,  ...,  8.0225e-01,
           1.3613e+00,  2.1289e-01],
         [ 2.6543e+00,  7.5519e-05, -3.2642e-01,  ..., -5.9326e-01,
           2.2913e-01,  8.5986e-01],
         ...,
         [ 3.0444e-01,  6.1154e-05,  3.6890e-01,  ...,  4.2651e-01,
          -9.2432e-01, -1.1309e+00],
         [ 3.0884e-01,  8.3745e-05,  1.7266e+00,  ...,  2.4707e-01,
          -4.9023e-01, -7.2949e-01],
         [ 2.5488e+00,  5.7995e-05,  2.5928e-01,  ...,  6.4111e-01,
           7.1436e-01,  4.9146e-01]]], device='cuda:0', dtype=torch.float16)
====== model.layers.14.mlp.gate_proj
tensor([[[-0.3530, -0.4583, -0.3174,  ...,  0.0487, -0.0242,  0.2634],
         [ 1.7500,  2.8047,  1.6699,  ..., -0.2157, -0.0634, -1.3018],
         [ 2.2754,  3.0977,  2.0762,  ..., -0.7104,  0.1032, -1.1504],
         ...,
         [ 2.4082,  3.0781,  2.1953,  ...,  0.5918,  0.1661, -0.1476],
         [ 1.8701,  2.8730,  1.8818,  ..., -0.9150, -0.0895, -1.6699],
         [ 1.9639,  2.8828,  1.9316,  ...,  0.0731,  0.3638, -1.1104]]],
       device='cuda:0', dtype=torch.float16)
====== model.layers.14.mlp.up_proj
tensor([[[-6.7616e-04,  8.2779e-03, -3.0231e-03,  ..., -1.3329e-02,
          -2.9053e-02, -1.1032e-02],
         [-5.7520e-01,  3.9380e-01,  8.6621e-01,  ..., -7.6416e-02,
          -1.1823e-01, -1.7651e-01],
         [ 3.0371e-01,  2.6416e-01,  1.0913e-01,  ...,  2.5366e-01,
          -5.1605e-02, -1.6846e-01],
         ...,
         [ 3.1592e-01,  9.7168e-02,  6.6895e-01,  ...,  3.3032e-01,
          -3.0005e-01,  1.2334e+00],
         [ 4.3140e-01, -3.3350e-01,  2.9248e-01,  ..., -3.0396e-01,
          -1.0801e+00,  4.9951e-01],
         [ 1.3154e+00,  7.3682e-01,  7.0312e-01,  ...,  4.7493e-03,
           5.1807e-01, -2.7523e-03]]], device='cuda:0', dtype=torch.float16)
====== model.layers.14.mlp.down_proj
tensor([[[ 0.0034, -0.0203,  0.0058,  ...,  0.0103,  0.0090,  0.0059],
         [ 0.1449, -0.4478,  0.2058,  ..., -0.1147, -0.3147,  0.2754],
         [ 0.4583, -0.0115,  0.1910,  ...,  0.2925,  0.0021, -0.5347],
         ...,
         [ 0.0167, -0.8013,  0.1890,  ..., -0.0303,  0.2350,  0.1760],
         [ 1.1113,  0.2268, -0.5908,  ..., -0.3987, -0.5317,  0.7822],
         [ 0.1160, -0.0155, -0.0347,  ..., -0.2404,  0.2053,  0.4795]]],
       device='cuda:0', dtype=torch.float16)
====== model.layers.14
tensor([[[ 2.1297e+01,  4.5900e+02, -4.6406e+00,  ..., -1.7373e+00,
          -3.6348e+00, -4.9336e+00],
         [-3.7231e-02,  3.8262e+00,  1.3428e-01,  ...,  3.6670e-01,
           7.6562e-01,  4.5581e-01],
         [ 3.1289e+00,  3.7930e+00,  2.7710e-02,  ..., -6.6162e-02,
           1.8518e-01,  1.9971e-01],
         ...,
         [ 3.8379e-01,  2.8945e+00,  4.1040e-01,  ...,  2.7881e-01,
          -6.5088e-01, -9.8242e-01],
         [ 1.4844e+00,  5.2891e+00,  4.4531e-01,  ..., -2.1960e-01,
          -1.0020e+00,  3.4668e-02],
         [ 2.8184e+00,  3.0664e+00,  1.0199e-01,  ...,  1.6785e-01,
           8.0664e-01,  9.2188e-01]]], device='cuda:0', dtype=torch.float16)
====== model.layers.15.input_layernorm
tensor([[[ 0.2590, 19.2969, -0.1554,  ..., -0.0355, -0.0524, -0.0648],
         [-0.0784, 27.8438,  0.7783,  ...,  1.2949,  1.9102,  1.0371],
         [ 6.5547, 27.4688,  0.1598,  ..., -0.2325,  0.4597,  0.4519],
         ...,
         [ 0.6606, 17.2344,  1.9463,  ...,  0.8057, -1.3291, -1.8271],
         [ 2.4062, 29.6406,  1.9873,  ..., -0.5972, -1.9268,  0.0607],
         [ 5.4492, 20.5000,  0.5435,  ...,  0.5449,  1.8506,  1.9277]]],
       device='cuda:0', dtype=torch.float16)
====== model.layers.15.self_attn.q_proj
tensor([[[-3.6304e-01,  1.4075e-01, -6.1426e-01,  ..., -8.7070e-04,
           2.6123e-01, -2.2263e-02],
         [-7.2539e+00,  1.8311e-01, -4.3438e+00,  ...,  1.7764e+00,
          -8.9258e-01,  1.0400e+00],
         [-9.1094e+00, -9.2773e-02,  1.6748e+00,  ...,  6.2866e-03,
           2.5146e-01,  1.9238e+00],
         ...,
         [-2.4727e+00,  3.5059e-01, -4.8945e+00,  ...,  2.0059e+00,
           8.4229e-01,  1.0654e+00],
         [-2.9316e+00, -5.3467e-01,  1.2852e+00,  ...,  3.6406e+00,
           3.2285e+00, -1.5352e+00],
         [-1.1727e+01, -8.5156e-01, -5.7617e+00,  ...,  8.6475e-01,
           3.8320e+00,  2.3359e+00]]], device='cuda:0', dtype=torch.float16)
====== model.layers.15.self_attn.k_proj
tensor([[[-3.0327e-03, -2.3315e-02,  1.2703e-02,  ..., -1.1719e+00,
           1.5312e+00,  1.1514e+00],
         [ 5.3076e-01, -1.7119e+00, -7.2656e-01,  ...,  8.5254e-01,
           9.9902e-01,  1.2139e+00],
         [ 2.5955e-02, -1.1045e+00,  8.6426e-01,  ..., -4.7266e-01,
           2.6816e+00,  1.3184e+00],
         ...,
         [ 1.0986e+00, -2.2012e+00,  1.0859e+00,  ...,  2.4414e+00,
          -9.9304e-02,  4.0942e-01],
         [ 1.2168e+00,  5.2490e-01, -3.2754e+00,  ...,  1.7900e+00,
           2.1797e+00,  2.2129e+00],
         [ 5.3320e-01, -1.0635e+00, -1.2197e+00,  ...,  5.3955e-01,
           1.2393e+00,  1.8721e+00]]], device='cuda:0', dtype=torch.float16)
====== model.layers.15.self_attn.v_proj
tensor([[[-0.0169,  0.0431,  0.0242,  ...,  0.0255,  0.0237, -0.0270],
         [ 0.9756,  0.1472, -0.6963,  ...,  0.7471,  1.1211,  0.1434],
         [ 0.1052,  0.1621,  0.3811,  ...,  0.7427,  0.0994,  0.5801],
         ...,
         [ 0.2654,  1.5264,  1.0039,  ...,  1.0127,  1.1875,  1.3047],
         [-0.5347,  0.2445,  1.8096,  ..., -0.0692, -0.7256,  0.7266],
         [ 1.8516,  0.8398,  1.0039,  ..., -0.3721, -1.0264, -1.6172]]],
       device='cuda:0', dtype=torch.float16)
====== model.layers.15.self_attn.o_proj
tensor([[[-0.2217,  0.3850, -0.4731,  ...,  0.2903, -0.1881,  0.3772],
         [-0.3398,  0.5361, -0.3914,  ...,  0.0077, -0.2212,  0.3174],
         [-0.2664,  0.5786, -0.8574,  ...,  0.2247, -0.0921,  0.3616],
         ...,
         [-0.3286,  0.6743, -0.3125,  ..., -0.1377,  0.0115,  0.2086],
         [-0.1542,  0.8042,  0.9819,  ...,  0.7554, -0.2300, -0.1954],
         [-0.1807,  0.9375, -0.3455,  ...,  0.3933, -0.0613,  0.0286]]],
       device='cuda:0', dtype=torch.float16)
====== model.layers.15.post_attention_layernorm
tensor([[[ 1.3525e-01, -1.2422e-04, -2.4231e-02,  ..., -1.0788e-02,
          -2.4750e-02, -2.9068e-02],
         [-4.0747e-01, -1.9896e-04, -2.0520e-01,  ...,  4.7046e-01,
           5.9424e-01,  8.3252e-01],
         [ 3.1289e+00, -2.0134e-04, -6.6943e-01,  ...,  2.0142e-01,
           1.0272e-01,  6.1084e-01],
         ...,
         [ 4.8553e-02, -1.3232e-04,  6.3599e-02,  ...,  1.4429e-01,
          -5.6836e-01, -6.7822e-01],
         [ 9.9316e-01, -1.9181e-04,  7.8711e-01,  ...,  4.6460e-01,
          -9.2920e-01, -1.1951e-01],
         [ 2.5547e+00, -1.6344e-04, -1.7395e-01,  ...,  6.3135e-01,
           7.2852e-01,  9.1699e-01]]], device='cuda:0', dtype=torch.float16)
====== model.layers.15.mlp.gate_proj
tensor([[[-0.0914, -0.2502, -0.3264,  ...,  0.2952,  0.1378,  0.0883],
         [ 2.2480,  2.3906,  1.6797,  ..., -1.9121, -1.0303,  1.6855],
         [ 1.4893,  2.4023,  1.6787,  ..., -2.2812, -1.3779,  1.0654],
         ...,
         [ 2.4512,  2.1914,  2.2578,  ..., -2.5508, -0.2114,  1.1328],
         [ 2.2949,  2.0410,  2.3203,  ..., -0.2404, -0.2356,  2.2285],
         [ 2.8516,  1.3525,  1.9102,  ..., -1.3809, -1.2998,  1.0547]]],
       device='cuda:0', dtype=torch.float16)
====== model.layers.15.mlp.up_proj
tensor([[[ 1.3316e-04,  1.1253e-02,  2.3849e-02,  ..., -7.1106e-02,
          -8.4152e-03,  7.4539e-03],
         [ 5.0537e-01,  4.1846e-01,  4.6021e-01,  ..., -2.0862e-01,
           2.1045e-01,  9.8145e-02],
         [ 4.1797e-01,  4.3481e-01,  2.0569e-01,  ..., -1.7725e-01,
           2.5439e-01, -5.6671e-02],
         ...,
         [ 1.2656e+00, -2.6807e-01,  4.3677e-01,  ...,  6.2988e-01,
           1.2109e+00, -6.9092e-01],
         [-2.5977e-01, -4.8737e-02,  4.3335e-01,  ...,  4.7607e-01,
          -5.5267e-02, -7.7002e-01],
         [ 7.9980e-01,  5.5469e-01,  3.3374e-01,  ..., -7.0361e-01,
           5.3906e-01, -1.1574e-02]]], device='cuda:0', dtype=torch.float16)
====== model.layers.15.mlp.down_proj
tensor([[[-0.0067, -0.0375,  0.0093,  ...,  0.0099,  0.0130, -0.0069],
         [-0.5835, -0.2551,  0.2114,  ..., -0.1415,  0.5723, -0.0964],
         [-0.3296, -0.3042,  0.2076,  ...,  0.3259,  0.2075, -1.0322],
         ...,
         [-0.6113, -0.6426,  0.5278,  ..., -0.4902,  1.0283,  0.3723],
         [ 0.0067, -0.3796, -0.0599,  ...,  1.5059, -0.4827, -0.3137],
         [ 0.1943, -0.4587,  0.4290,  ...,  0.5840, -0.8506, -0.6284]]],
       device='cuda:0', dtype=torch.float16)
====== model.layers.15
tensor([[[ 2.1078e+01,  4.5950e+02, -5.1055e+00,  ..., -1.4375e+00,
          -3.8086e+00, -4.5625e+00],
         [-9.6045e-01,  4.1094e+00, -4.5654e-02,  ...,  2.3303e-01,
           1.1172e+00,  6.7725e-01],
         [ 2.5332e+00,  4.0664e+00, -6.2207e-01,  ...,  4.8438e-01,
           3.0054e-01, -4.7070e-01],
         ...,
         [-5.5615e-01,  2.9258e+00,  6.2598e-01,  ..., -3.4912e-01,
           3.8916e-01, -4.0161e-01],
         [ 1.3369e+00,  5.7148e+00,  1.3682e+00,  ...,  2.0410e+00,
          -1.7148e+00, -4.7461e-01],
         [ 2.8320e+00,  3.5449e+00,  1.8555e-01,  ...,  1.1445e+00,
          -1.0547e-01,  3.2227e-01]]], device='cuda:0', dtype=torch.float16)
====== model.layers.16.input_layernorm
tensor([[[ 3.1299e-01,  1.9875e+01, -1.1670e-01,  ..., -2.3376e-02,
          -4.4922e-02, -5.2124e-02],
         [-2.2695e+00,  2.8297e+01, -1.6602e-01,  ...,  6.0254e-01,
           2.0977e+00,  1.2324e+00],
         [ 5.9531e+00,  2.7844e+01, -2.2500e+00,  ...,  1.2461e+00,
           5.6104e-01, -8.5156e-01],
         ...,
         [-1.1221e+00,  1.7203e+01,  1.9434e+00,  ..., -7.7100e-01,
           6.2354e-01, -6.2354e-01],
         [ 2.2891e+00,  2.8516e+01,  3.6074e+00,  ...,  3.8281e+00,
          -2.3320e+00, -6.2549e-01],
         [ 5.9492e+00,  2.1688e+01,  6.0010e-01,  ...,  2.6328e+00,
          -1.7590e-01,  5.2100e-01]]], device='cuda:0', dtype=torch.float16)
====== model.layers.16.self_attn.q_proj
tensor([[[-1.4551e-01, -1.0010e+00, -4.1931e-02,  ..., -1.5259e-01,
          -5.3520e-03,  8.3618e-02],
         [-3.2090e+00, -2.7588e-01, -9.0674e-01,  ..., -5.2588e-01,
           2.8926e+00,  2.5415e-01],
         [-3.3281e+00, -3.0098e+00, -9.4482e-02,  ...,  2.4979e-02,
           1.4873e+00,  9.3323e-02],
         ...,
         [-3.1504e+00, -2.2363e-01, -5.0635e-01,  ...,  8.6279e-01,
           1.2354e+00,  8.2031e-01],
         [-3.0430e+00,  3.8379e+00, -1.5381e+00,  ...,  6.2061e-01,
          -8.4082e-01, -1.2139e+00],
         [-4.2422e+00, -8.6172e+00,  3.2031e-01,  ..., -3.4570e-01,
           3.5645e-01,  8.9905e-02]]], device='cuda:0', dtype=torch.float16)
====== model.layers.16.self_attn.k_proj
tensor([[[ 0.0186,  0.1617, -0.0138,  ...,  0.0399, -0.1577,  0.1317],
         [-0.1752,  3.7812, -3.6270,  ..., -0.0981,  2.0469,  1.4219],
         [-0.3240,  7.9648, -3.1230,  ...,  0.1991,  6.3789,  1.0967],
         ...,
         [ 1.0674,  6.1562, -2.2246,  ..., -1.9316,  1.3184, -0.2251],
         [ 0.3125,  3.8535, -2.4883,  ...,  0.7900,  1.2754,  0.7222],
         [-2.5078,  5.7266, -2.4238,  ...,  1.0732, -2.4043, -3.5430]]],
       device='cuda:0', dtype=torch.float16)
====== model.layers.16.self_attn.v_proj
tensor([[[ 2.4963e-01,  9.5898e-01,  7.2876e-02,  ..., -4.8126e-02,
          -4.3068e-03,  9.5139e-03],
         [-9.8926e-01,  1.0781e+00, -9.8450e-02,  ...,  1.8066e+00,
           1.3662e+00, -3.3130e-01],
         [-3.6841e-01,  1.2062e-02, -1.3789e+00,  ...,  2.0215e-01,
          -2.4834e-03,  5.7861e-01],
         ...,
         [-3.2090e+00,  1.0000e+00,  3.9429e-01,  ...,  5.6348e-01,
           1.6626e-01, -8.7598e-01],
         [-5.3906e-01,  6.0986e-01, -1.4424e+00,  ...,  1.8447e+00,
          -4.2163e-01,  7.9883e-01],
         [-1.9072e+00,  5.7422e-01, -4.9219e-01,  ...,  1.7910e+00,
           5.8057e-01, -6.1182e-01]]], device='cuda:0', dtype=torch.float16)
====== model.layers.16.self_attn.o_proj
tensor([[[-0.4761,  0.7466, -2.0801,  ...,  0.1741, -0.2437,  0.2361],
         [-0.4399,  0.8291, -1.4404,  ...,  0.1979, -0.1857,  0.2700],
         [-0.3325,  1.0254, -1.2686,  ...,  0.1404, -0.0623,  0.1252],
         ...,
         [-0.7544,  0.9556, -0.0451,  ...,  0.3098, -0.3813, -0.0079],
         [-0.4517,  1.0547, -0.6616,  ...,  0.8467,  0.0035,  0.9199],
         [-0.0134,  1.1543, -0.4844,  ...,  0.3037,  0.1794,  0.1016]]],
       device='cuda:0', dtype=torch.float16)
====== model.layers.16.post_attention_layernorm
tensor([[[ 1.3989e-01,  4.3154e-05, -3.3142e-02,  ..., -7.9193e-03,
          -2.2522e-02, -2.3926e-02],
         [-1.4902e+00,  7.2598e-05, -1.0762e+00,  ...,  4.2334e-01,
           8.1299e-01,  8.2178e-01],
         [ 2.3438e+00,  7.4923e-05, -1.3701e+00,  ...,  6.1475e-01,
           2.0813e-01, -3.0005e-01],
         ...,
         [-1.1885e+00,  4.8637e-05,  3.5840e-01,  ..., -3.2928e-02,
           5.8098e-03, -3.0273e-01],
         [ 6.4941e-01,  6.8665e-05,  3.5278e-01,  ...,  1.9570e+00,
          -1.0293e+00,  2.6660e-01],
         [ 2.5703e+00,  5.9247e-05, -1.8542e-01,  ...,  1.2197e+00,
           5.5328e-02,  3.1519e-01]]], device='cuda:0', dtype=torch.float16)
====== model.layers.16.mlp.gate_proj
tensor([[[-0.5298, -0.4246, -0.5029,  ..., -0.0103,  0.0660,  0.0555],
         [ 2.5918,  1.5459,  1.5938,  ..., -0.7197, -1.3340, -1.4551],
         [ 3.7949,  2.3047,  2.5000,  ...,  0.6064, -0.7139, -0.7861],
         ...,
         [ 3.2109,  2.9492,  2.8613,  ...,  0.0587, -0.8872, -0.5317],
         [ 3.5566,  2.9219,  2.9980,  ...,  0.6562,  1.6338, -1.1934],
         [ 5.2500,  3.9043,  4.0781,  ...,  0.5000,  2.2852, -1.5508]]],
       device='cuda:0', dtype=torch.float16)
====== model.layers.16.mlp.up_proj
tensor([[[ 0.0235, -0.0307, -0.0213,  ..., -0.0471, -0.0203,  0.0439],
         [-0.7056,  0.2578,  0.0384,  ...,  1.0000, -0.2842,  0.6699],
         [ 0.1060,  0.3242,  0.1753,  ...,  0.9902, -0.5693,  0.6367],
         ...,
         [-0.4692, -0.0086, -0.5430,  ...,  0.8833,  0.1050, -1.2861],
         [-0.2546, -0.3198,  0.5044,  ...,  0.4795, -0.6309,  0.7544],
         [ 0.8467, -0.2321,  0.2428,  ...,  0.6787, -1.7295,  0.5073]]],
       device='cuda:0', dtype=torch.float16)
====== model.layers.16.mlp.down_proj
tensor([[[-1.1635e-02, -3.2898e-02, -1.8814e-02,  ..., -8.1968e-04,
          -4.5586e-03,  2.1851e-02],
         [ 1.0664e+00,  1.9763e-01,  4.1602e+00,  ...,  7.8223e-01,
          -3.9233e-01,  9.1797e-02],
         [ 6.4819e-02, -2.9004e-01,  2.5488e+00,  ...,  2.3706e-01,
          -1.1432e-01,  1.8372e-01],
         ...,
         [ 6.7334e-01, -2.1191e-01,  1.9658e+00,  ..., -4.6240e-01,
           2.7393e-01,  2.6270e-01],
         [ 1.4463e+00, -6.9336e-01,  2.1348e+00,  ..., -1.1357e+00,
          -5.6592e-01,  4.9042e-02],
         [ 7.8760e-01, -4.3335e-01,  2.5391e+00,  ..., -9.6680e-01,
          -3.2739e-01,  3.3105e-01]]], device='cuda:0', dtype=torch.float16)
====== model.layers.16
tensor([[[ 2.0594e+01,  4.6025e+02, -7.2070e+00,  ..., -1.2646e+00,
          -4.0547e+00, -4.3047e+00],
         [-3.3398e-01,  5.1367e+00,  2.6738e+00,  ...,  1.2129e+00,
           5.3906e-01,  1.0391e+00],
         [ 2.2656e+00,  4.8047e+00,  6.5820e-01,  ...,  8.6230e-01,
           1.2396e-01, -1.6174e-01],
         ...,
         [-6.3721e-01,  3.6680e+00,  2.5469e+00,  ..., -5.0195e-01,
           2.8174e-01, -1.4697e-01],
         [ 2.3320e+00,  6.0781e+00,  2.8418e+00,  ...,  1.7510e+00,
          -2.2773e+00,  4.9438e-01],
         [ 3.6055e+00,  4.2656e+00,  2.2402e+00,  ...,  4.8145e-01,
          -2.5342e-01,  7.5488e-01]]], device='cuda:0', dtype=torch.float16)
====== model.layers.17.input_layernorm
tensor([[[ 4.4556e-01,  3.8906e+01, -1.6553e-01,  ..., -2.6443e-02,
          -7.1350e-02, -7.6233e-02],
         [-9.6826e-01,  5.8188e+01,  8.2344e+00,  ...,  3.3965e+00,
           1.2715e+00,  2.4668e+00],
         [ 6.6562e+00,  5.5156e+01,  2.0527e+00,  ...,  2.4453e+00,
           2.9614e-01, -3.8916e-01],
         ...,
         [-1.4521e+00,  3.2656e+01,  6.1602e+00,  ..., -1.1055e+00,
           5.2197e-01, -2.7441e-01],
         [ 4.8711e+00,  4.9656e+01,  6.3047e+00,  ...,  3.5352e+00,
          -3.8711e+00,  8.4619e-01],
         [ 9.4141e+00,  4.3531e+01,  6.2148e+00,  ...,  1.2148e+00,
          -5.3857e-01,  1.6152e+00]]], device='cuda:0', dtype=torch.float16)
====== model.layers.17.self_attn.q_proj
tensor([[[ 4.8706e-01,  2.2305e+00,  8.8184e-01,  ..., -1.6973e+00,
          -8.3838e-01, -7.6477e-02],
         [ 1.9219e+00,  9.5625e+00,  2.5844e+01,  ..., -9.0859e+00,
          -1.6670e+00, -1.5274e-02],
         [ 3.0312e+00,  1.7797e+01,  2.6891e+01,  ..., -8.7500e+00,
          -9.1736e-02, -2.2383e+00],
         ...,
         [ 1.1426e+00,  2.4188e+01,  1.7828e+01,  ..., -9.0391e+00,
          -2.2051e+00,  6.3916e-01],
         [-1.8789e+00,  1.1406e+01,  1.9844e+01,  ..., -9.0078e+00,
          -9.1797e-01,  3.3838e-01],
         [ 9.8584e-01,  1.7281e+01,  1.9250e+01,  ..., -7.2344e+00,
           1.1992e+00,  5.4248e-01]]], device='cuda:0', dtype=torch.float16)
====== model.layers.17.self_attn.k_proj
tensor([[[ -0.0187,  -0.0181,   0.2654,  ..., -13.4141,  -1.4424,  -1.0127],
         [ -1.7822,  -0.7773,  -3.3398,  ...,  -0.8247,  -2.6387,  -4.4766],
         [  0.9468,   2.0098,  -5.5742,  ...,  -3.1348,  -6.2109,  -6.1836],
         ...,
         [ -4.0859,  -2.1094,  -3.6602,  ...,   2.8477,  -1.9326,  -1.4824],
         [ -2.0918,   4.3633,  -3.1426,  ...,   0.1306,  -4.9492,  -2.4395],
         [ -1.3789,   3.6367,  -2.0918,  ...,  -0.8794,  -6.6445,  -4.8594]]],
       device='cuda:0', dtype=torch.float16)
====== model.layers.17.self_attn.v_proj
tensor([[[-0.0108,  0.0292, -0.0337,  ..., -0.3450,  0.1276,  0.0763],
         [ 0.8540, -1.4600,  2.5215,  ...,  0.5220,  1.6045, -1.8975],
         [ 1.5889,  0.1857, -1.5000,  ...,  0.4604,  1.5322,  1.5605],
         ...,
         [-0.7314,  0.2195, -2.9277,  ...,  3.6797,  1.6396, -0.8799],
         [ 0.7896, -2.2637,  2.2949,  ..., -0.1423,  1.8799,  2.4766],
         [-1.5654, -0.5059,  1.0059,  ..., -1.3682,  0.1781,  3.7129]]],
       device='cuda:0', dtype=torch.float16)
====== model.layers.17.self_attn.o_proj
tensor([[[-0.4861,  0.2871, -1.7617,  ..., -0.2715, -0.1443, -0.0733],
         [-0.3237,  0.5889, -1.0234,  ..., -0.0825, -0.5308,  0.2991],
         [-0.1481,  0.8184, -0.9146,  ..., -0.0465, -0.2079,  0.2686],
         ...,
         [-0.2494,  0.6372,  0.6738,  ...,  0.5547,  0.0798, -0.4209],
         [-0.0710,  1.1875,  1.6611,  ...,  0.3306, -0.2272, -0.3755],
         [ 0.4055,  1.1885,  3.4414,  ...,  0.9873, -0.2061, -0.6802]]],
       device='cuda:0', dtype=torch.float16)
====== model.layers.17.post_attention_layernorm
tensor([[[ 1.6467e-01, -3.7265e-04, -4.1901e-02,  ..., -1.1734e-02,
          -2.8091e-02, -2.9297e-02],
         [-6.7676e-01, -5.8222e-04,  9.6924e-01,  ...,  1.0850e+00,
           6.9771e-03,  1.1240e+00],
         [ 2.2188e+00, -5.8222e-04, -1.5332e-01,  ...,  7.9785e-01,
          -7.1838e-02,  9.1492e-02],
         ...,
         [-7.3682e-01, -3.5357e-04,  1.5264e+00,  ...,  4.0863e-02,
           2.4536e-01, -3.8525e-01],
         [ 1.6758e+00, -5.3215e-04,  1.9053e+00,  ...,  1.4395e+00,
          -1.5156e+00,  7.2021e-02],
         [ 3.3691e+00, -4.5276e-04,  2.7246e+00,  ...,  1.1514e+00,
          -3.1543e-01,  5.1270e-02]]], device='cuda:0', dtype=torch.float16)
====== model.layers.17.mlp.gate_proj
tensor([[[-0.1945, -0.3711, -0.2715,  ...,  0.3293,  0.1069,  0.3264],
         [ 3.5371,  1.6191,  0.4458,  ..., -1.8955,  0.1764, -0.7993],
         [ 1.5537,  1.5850,  1.9092,  ...,  0.6387, -0.0491,  1.9990],
         ...,
         [ 5.4883,  2.6797, -0.2261,  ..., -1.3789, -0.6992, -0.0582],
         [ 3.5605,  2.4199,  1.4824,  ..., -1.8047, -1.2500, -0.0461],
         [ 1.2363,  2.7578,  1.7217,  ..., -2.1816, -1.8652,  0.6431]]],
       device='cuda:0', dtype=torch.float16)
====== model.layers.17.mlp.up_proj
tensor([[[ 0.2388,  0.0265,  0.0044,  ...,  0.1120,  0.0599, -0.0289],
         [-1.8457,  0.2881, -1.2012,  ..., -0.6270, -0.5103,  0.2703],
         [-1.2676,  0.0575, -1.0352,  ..., -0.7539, -0.4160,  1.9512],
         ...,
         [-1.3438, -0.3625, -0.0703,  ..., -1.2021, -0.5596,  0.8076],
         [-0.2654,  0.6919, -1.1416,  ..., -0.5669,  1.7119, -0.7100],
         [-0.7910,  0.9209, -0.4277,  ..., -0.1204,  1.6406,  0.2239]]],
       device='cuda:0', dtype=torch.float16)
====== model.layers.17.mlp.down_proj
tensor([[[-0.0278, -0.1194,  0.0491,  ...,  0.0880, -0.0112, -0.0070],
         [ 0.6699, -0.4531,  1.5430,  ...,  1.0742, -0.1383,  0.0936],
         [-0.7622, -0.4612,  1.4541,  ...,  0.8911, -1.0342, -0.6108],
         ...,
         [ 0.2881, -0.8027,  1.1650,  ...,  1.0234, -0.7930, -0.8867],
         [ 1.0264, -0.5664,  0.1536,  ..., -0.4175,  0.9316, -0.4895],
         [ 1.1387, -0.9487,  2.7930,  ...,  0.8657, -0.2075, -1.2773]]],
       device='cuda:0', dtype=torch.float16)
====== model.layers.17
tensor([[[ 2.0078e+01,  4.6050e+02, -8.9219e+00,  ..., -1.4482e+00,
          -4.2109e+00, -4.3867e+00],
         [ 1.2207e-02,  5.2734e+00,  3.1934e+00,  ...,  2.2051e+00,
          -1.3000e-01,  1.4316e+00],
         [ 1.3555e+00,  5.1641e+00,  1.1973e+00,  ...,  1.7070e+00,
          -1.1182e+00, -5.0391e-01],
         ...,
         [-5.9863e-01,  3.5020e+00,  4.3867e+00,  ...,  1.0762e+00,
          -4.3140e-01, -1.4551e+00],
         [ 3.2891e+00,  6.6992e+00,  4.6562e+00,  ...,  1.6641e+00,
          -1.5723e+00, -3.7061e-01],
         [ 5.1484e+00,  4.5039e+00,  8.4688e+00,  ...,  2.3340e+00,
          -6.6699e-01, -1.2031e+00]]], device='cuda:0', dtype=torch.float16)
====== model.layers.18.input_layernorm
tensor([[[ 5.3027e-01,  3.5344e+01, -2.3547e-01,  ..., -2.6733e-02,
          -6.9458e-02, -7.0190e-02],
         [ 3.7079e-02,  4.6562e+01,  9.7031e+00,  ...,  4.6836e+00,
          -2.4683e-01,  2.6387e+00],
         [ 3.9941e+00,  4.4281e+01,  3.5293e+00,  ...,  3.5176e+00,
          -2.0605e+00, -9.0088e-01],
         ...,
         [-1.4707e+00,  2.5031e+01,  1.0781e+01,  ...,  1.8486e+00,
          -6.6260e-01, -2.1680e+00],
         [ 7.2891e+00,  4.3156e+01,  1.0312e+01,  ...,  2.5781e+00,
          -2.1777e+00, -4.9829e-01],
         [ 1.2633e+01,  3.2125e+01,  2.0781e+01,  ...,  4.0039e+00,
          -1.0225e+00, -1.7910e+00]]], device='cuda:0', dtype=torch.float16)
====== model.layers.18.self_attn.q_proj
tensor([[[ 0.1197, -0.7422, -0.1004,  ...,  0.6470, -0.9043,  0.1227],
         [ 0.1516, -4.0938,  3.4805,  ..., -1.5615, -2.5801,  6.2578],
         [-0.0538, -8.2344, 13.7812,  ..., -1.2568, -1.1787,  8.2734],
         ...,
         [-0.1174, -1.4854,  3.2754,  ..., -0.5562, -0.4456,  2.8418],
         [-0.0930, -2.1152,  1.6758,  ..., -0.6626, -0.0451,  5.2266],
         [ 0.3787, -3.4199, 13.9922,  ..., -2.1816, -1.7705,  5.1211]]],
       device='cuda:0', dtype=torch.float16)
====== model.layers.18.self_attn.k_proj
tensor([[[ 2.4376e-03,  1.0811e+00,  1.4561e+00,  ...,  1.0615e+00,
          -3.6426e-01,  2.3242e+00],
         [-7.9407e-02,  2.8457e+00,  1.8984e+00,  ...,  3.1270e+00,
          -1.4453e+00,  9.0234e+00],
         [-7.4902e-01,  2.8789e+00,  9.3896e-01,  ...,  2.0273e+00,
          -2.2363e+00,  8.4766e+00],
         ...,
         [ 1.5635e+00, -1.1172e+00, -1.9668e+00,  ..., -1.0938e+00,
          -7.6465e-01,  6.8828e+00],
         [-2.5996e+00, -1.9365e+00,  3.6055e+00,  ...,  4.2070e+00,
           1.3008e+00,  7.9688e+00],
         [-2.8105e+00,  4.9727e+00,  2.9707e+00,  ...,  4.3867e+00,
          -5.6854e-02,  6.2461e+00]]], device='cuda:0', dtype=torch.float16)
====== model.layers.18.self_attn.v_proj
tensor([[[-0.0267, -0.0668,  0.0422,  ...,  0.1951,  0.0186, -0.0280],
         [ 2.1875, -0.6055, -0.1489,  ...,  0.5122, -0.8364,  1.6494],
         [ 1.7256,  2.5020, -0.3264,  ..., -0.1130, -0.7578,  0.9287],
         ...,
         [ 3.0645,  6.9180, -3.9395,  ..., -0.5059, -2.0840,  1.1602],
         [ 3.1582,  0.2976,  0.6689,  ..., -2.1465,  1.4629,  1.6572],
         [ 2.9453,  3.0000,  0.2002,  ..., -0.2715,  0.2328, -0.8911]]],
       device='cuda:0', dtype=torch.float16)
====== model.layers.18.self_attn.o_proj
tensor([[[-0.7256,  1.2363, -1.9199,  ..., -0.2115, -0.0977,  0.0939],
         [-0.5747,  1.3857, -0.2795,  ...,  0.3921,  0.7539,  0.2864],
         [-0.3003,  1.9688, -0.5923,  ..., -0.5059,  1.9033,  0.2147],
         ...,
         [-0.7129,  0.5054, -0.8047,  ..., -0.4580,  1.5176, -0.7705],
         [ 0.0646,  1.1543, -0.3679,  ..., -1.2783,  0.8853, -0.4067],
         [-0.3267,  1.1133, -0.2404,  ..., -1.5635,  1.9102, -0.4587]]],
       device='cuda:0', dtype=torch.float16)
====== model.layers.18.post_attention_layernorm
tensor([[[ 1.6797e-01,  4.8399e-05, -4.7363e-02,  ..., -1.3992e-02,
          -2.9999e-02, -3.1204e-02],
         [-5.1172e-01,  7.3314e-05,  1.3350e+00,  ...,  2.2969e+00,
           4.5581e-01,  1.3105e+00],
         [ 9.2725e-01,  7.5817e-05,  2.6782e-01,  ...,  1.0264e+00,
           5.5420e-01, -2.1301e-01],
         ...,
         [-9.1992e-01,  3.3975e-05,  1.2656e+00,  ...,  4.2139e-01,
           6.1133e-01, -1.3096e+00],
         [ 2.2246e+00,  6.3002e-05,  1.4336e+00,  ...,  2.4890e-01,
          -3.6621e-01, -4.3237e-01],
         [ 3.4668e+00,  4.8816e-05,  2.9785e+00,  ...,  5.3857e-01,
           7.1777e-01, -1.0010e+00]]], device='cuda:0', dtype=torch.float16)
====== model.layers.18.mlp.gate_proj
tensor([[[-0.2371, -0.5176, -0.5352,  ...,  0.0036,  0.1146,  0.0966],
         [ 0.2069,  2.4199,  2.4844,  ..., -1.5176,  0.0930, -1.3721],
         [ 1.4717,  2.8066,  3.0840,  ..., -1.0420, -0.5596, -0.8306],
         ...,
         [ 1.8652,  2.5996,  2.1621,  ..., -0.9424, -1.4521, -1.0039],
         [ 2.7402,  3.2129,  2.7656,  ...,  0.8047, -2.1387,  0.1575],
         [ 1.3174,  3.3008,  3.4863,  ..., -0.5679, -2.1270, -0.1296]]],
       device='cuda:0', dtype=torch.float16)
====== model.layers.18.mlp.up_proj
tensor([[[ 0.2827,  0.1354, -0.0201,  ...,  0.0759, -0.1221, -0.0310],
         [-0.1153, -0.3127,  0.6240,  ...,  1.5742, -1.4727,  1.5586],
         [-0.6704,  0.0867,  0.4836,  ...,  1.0850, -1.5039, -0.4563],
         ...,
         [-1.2334, -0.5264,  0.6982,  ..., -0.3098, -0.1799,  0.8330],
         [ 1.0742, -0.1501,  0.9092,  ...,  0.6396,  0.7793,  1.0801],
         [ 1.0322,  1.0615,  0.8096,  ...,  1.9883,  0.2476,  0.4426]]],
       device='cuda:0', dtype=torch.float16)
====== model.layers.18.mlp.down_proj
tensor([[[-0.2395, -0.1105,  0.1116,  ...,  0.0349,  0.0146,  0.1216],
         [-0.0670, -2.1230,  4.2930,  ..., -1.2764,  0.0247, -0.8857],
         [-0.7192, -0.3950,  3.3691,  ...,  1.3340,  0.0494,  0.3889],
         ...,
         [ 0.7744,  0.3411,  3.9766,  ..., -0.5864,  1.9512,  0.1285],
         [-0.1150,  0.0604,  0.2861,  ...,  0.5918, -0.9829, -1.8555],
         [-0.4104, -0.1003,  1.4111,  ..., -0.5938, -2.0137,  1.3730]]],
       device='cuda:0', dtype=torch.float16)
====== model.layers.18
tensor([[[ 1.9125e+01,  4.6175e+02, -1.0734e+01,  ..., -1.6250e+00,
          -4.2930e+00, -4.1719e+00],
         [-6.2939e-01,  4.5391e+00,  7.2070e+00,  ...,  1.3213e+00,
           6.4893e-01,  8.3203e-01],
         [ 3.3545e-01,  6.7383e+00,  3.9746e+00,  ...,  2.5352e+00,
           8.3447e-01,  9.9854e-02],
         ...,
         [-5.3711e-01,  4.3477e+00,  7.5586e+00,  ...,  3.1738e-02,
           3.0371e+00, -2.0977e+00],
         [ 3.2383e+00,  7.9102e+00,  4.5742e+00,  ...,  9.7754e-01,
          -1.6699e+00, -2.6328e+00],
         [ 4.4102e+00,  5.5156e+00,  9.6406e+00,  ...,  1.7676e-01,
          -7.7051e-01, -2.8906e-01]]], device='cuda:0', dtype=torch.float16)
====== model.layers.19.input_layernorm
tensor([[[ 6.4502e-01,  3.9938e+01, -3.3569e-01,  ..., -3.5919e-02,
          -8.2886e-02, -8.2581e-02],
         [-1.9883e+00,  3.6781e+01,  2.1125e+01,  ...,  2.7363e+00,
           1.1738e+00,  1.5430e+00],
         [ 9.9902e-01,  5.1469e+01,  1.0977e+01,  ...,  4.9531e+00,
           1.4229e+00,  1.7456e-01],
         ...,
         [-1.3076e+00,  2.7156e+01,  1.7062e+01,  ...,  5.0659e-02,
           4.2344e+00, -2.9980e+00],
         [ 7.6094e+00,  4.7656e+01,  9.9688e+00,  ...,  1.5068e+00,
          -2.2461e+00, -3.6309e+00],
         [ 1.1383e+01,  3.6500e+01,  2.3078e+01,  ...,  2.9907e-01,
          -1.1377e+00, -4.3774e-01]]], device='cuda:0', dtype=torch.float16)
====== model.layers.19.self_attn.q_proj
tensor([[[-1.7646, -0.1073,  1.0430,  ..., -0.4736, -0.6299, -0.2385],
         [-8.1016,  8.9531, -6.8750,  ..., -2.2266,  5.2500, -2.1641],
         [-2.4531, 16.0312,  3.6621,  ..., -5.8789,  2.6797, -4.2070],
         ...,
         [-3.6504, 11.0547, -6.8672,  ..., -2.8926,  0.7666, -4.1719],
         [-5.9414,  2.1934, -2.3027,  ..., -2.5703,  3.2383, -4.8867],
         [ 0.5327, 19.7500, -8.2266,  ..., -0.9736,  4.8633, -4.3242]]],
       device='cuda:0', dtype=torch.float16)
====== model.layers.19.self_attn.k_proj
tensor([[[ 2.8915e-02,  2.3669e-01,  6.7253e-03,  ..., -2.6934e+00,
          -1.1104e+00, -2.4746e+00],
         [-3.0840e+00,  7.3906e+00, -1.2656e+00,  ..., -2.1406e+00,
           1.0547e+00, -5.7578e+00],
         [-7.2803e-01,  2.3770e+00, -1.7051e+00,  ..., -7.4375e+00,
          -4.7344e+00, -8.6328e+00],
         ...,
         [-2.5059e+00,  2.1504e+00, -1.4521e+00,  ...,  2.0039e+00,
           1.8857e+00, -4.3789e+00],
         [-2.2949e+00,  5.3594e+00, -3.8691e+00,  ..., -1.1895e+00,
          -2.0332e+00, -6.0391e+00],
         [-4.4414e+00,  6.1133e+00, -4.6055e+00,  ..., -2.8086e+00,
          -4.4531e+00, -6.6953e+00]]], device='cuda:0', dtype=torch.float16)
====== model.layers.19.self_attn.v_proj
tensor([[[-0.2064,  0.0350,  0.3667,  ..., -0.2103,  0.0186, -0.4126],
         [-2.8242, -1.4004, -5.2812,  ..., -4.0547,  1.1006, -3.5664],
         [-3.3535, -1.5791, -6.8633,  ...,  0.9175,  0.3125,  1.3457],
         ...,
         [-0.8594, -6.9023, -2.2188,  ..., -1.8379,  1.8164, -0.2415],
         [ 2.0938, -0.1871, -4.8906,  ..., -1.0098,  1.9717,  7.2422],
         [-2.3027,  1.2744, -3.3398,  ...,  0.9604, -3.9219,  4.6250]]],
       device='cuda:0', dtype=torch.float16)
====== model.layers.19.self_attn.o_proj
tensor([[[-0.5376,  1.7275, -2.3438,  ..., -0.1025, -0.2656,  0.0948],
         [-0.6787,  1.7637,  2.3496,  ..., -0.1143, -0.8521, -0.1125],
         [-0.7402,  1.2881,  1.1436,  ..., -0.1703, -0.0126, -0.5449],
         ...,
         [-1.8086,  1.7588,  2.7812,  ..., -0.5264, -1.3125, -0.9619],
         [ 0.8647,  1.3652,  4.0156,  ..., -0.7100,  1.4414,  0.8057],
         [-0.1641,  1.0166,  5.9297,  ..., -0.9092,  0.4771,  0.8706]]],
       device='cuda:0', dtype=torch.float16)
====== model.layers.19.post_attention_layernorm
tensor([[[ 1.4978e-01,  1.9419e-04, -4.1504e-02,  ..., -1.4442e-02,
          -3.2410e-02, -2.8992e-02],
         [-9.2529e-01,  2.3198e-04,  2.6621e+00,  ...,  8.8574e-01,
          -1.2671e-01,  4.4922e-01],
         [-2.6855e-01,  2.7704e-04,  1.3389e+00,  ...,  1.6299e+00,
           4.8169e-01, -2.6099e-01],
         ...,
         [-1.3037e+00,  1.7667e-04,  2.2656e+00,  ..., -2.8540e-01,
           8.4668e-01, -1.5010e+00],
         [ 2.0645e+00,  2.4283e-04,  1.7041e+00,  ...,  1.3977e-01,
          -1.0156e-01, -8.1201e-01],
         [ 2.4863e+00,  1.9896e-04,  3.5938e+00,  ..., -4.4507e-01,
          -1.5161e-01,  3.0054e-01]]], device='cuda:0', dtype=torch.float16)
====== model.layers.19.mlp.gate_proj
tensor([[[-0.2253, -0.2139, -0.2472,  ..., -0.0378,  0.1564,  0.0069],
         [ 3.2480,  2.5898,  2.4727,  ...,  1.0654,  0.0702, -1.1494],
         [ 1.0918,  1.1914,  4.0664,  ..., -0.9858, -0.7588, -1.3447],
         ...,
         [ 1.9658,  2.4883,  2.8809,  ..., -1.3330, -2.3965, -0.6978],
         [ 2.8066,  1.8623,  3.6348,  ..., -1.1377, -1.2275,  0.4187],
         [ 2.1836,  1.2715,  3.3789,  ..., -1.3193, -0.8306, -1.3047]]],
       device='cuda:0', dtype=torch.float16)
====== model.layers.19.mlp.up_proj
tensor([[[-0.2140,  0.2012, -0.1154,  ..., -0.4426, -0.1677, -0.0416],
         [ 0.4277, -1.7617, -0.8364,  ...,  0.0863,  1.0234, -1.1250],
         [ 0.8228, -0.6060, -1.0381,  ...,  0.0803,  0.1370, -3.0391],
         ...,
         [ 0.0167, -0.5698, -2.4746,  ...,  0.6362, -2.2324, -0.5645],
         [-0.1632, -1.5596, -0.2664,  ...,  2.7480, -1.7412,  0.1929],
         [-0.4512, -1.8779, -0.0555,  ...,  2.4102, -1.1084, -0.0739]]],
       device='cuda:0', dtype=torch.float16)
====== model.layers.19.mlp.down_proj
tensor([[[-2.0098,  0.3118, -0.5713,  ...,  0.8721,  0.5493,  0.2639],
         [ 0.2367, -4.2383,  5.5352,  ...,  2.0352, -0.4543, -0.7334],
         [-0.1055, -4.0078,  0.6943,  ..., -1.1699, -0.8735,  0.6714],
         ...,
         [ 0.2864, -0.7168,  4.9219,  ...,  0.2091, -1.4385,  1.5674],
         [ 3.0781, -1.6426, -1.9561,  ..., -0.1873,  0.9790, -1.7129],
         [ 1.6396, -1.6719,  4.7383,  ...,  2.5762,  0.1666, -1.1104]]],
       device='cuda:0', dtype=torch.float16)
====== model.layers.19
tensor([[[ 1.6578e+01,  4.6375e+02, -1.3648e+01,  ..., -8.5547e-01,
          -4.0078e+00, -3.8145e+00],
         [-1.0723e+00,  2.0664e+00,  1.5094e+01,  ...,  3.2422e+00,
          -6.5723e-01, -1.3672e-02],
         [-5.1025e-01,  4.0156e+00,  5.8125e+00,  ...,  1.1953e+00,
          -5.1758e-02,  2.2632e-01],
         ...,
         [-2.0586e+00,  5.3906e+00,  1.5266e+01,  ..., -2.8564e-01,
           2.8613e-01, -1.4912e+00],
         [ 7.1797e+00,  7.6328e+00,  6.6367e+00,  ...,  8.0322e-02,
           7.5049e-01, -3.5391e+00],
         [ 5.8867e+00,  4.8594e+00,  2.0312e+01,  ...,  1.8438e+00,
          -1.2683e-01, -5.2881e-01]]], device='cuda:0', dtype=torch.float16)
====== model.layers.20.input_layernorm
tensor([[[ 5.4199e-01,  4.5500e+01, -5.1953e-01,  ..., -1.8478e-02,
          -7.5256e-02, -6.7017e-02],
         [-2.5547e+00,  1.4773e+01,  4.1844e+01,  ...,  5.1016e+00,
          -8.9990e-01, -1.7502e-02],
         [-1.1367e+00,  2.6844e+01,  1.5078e+01,  ...,  1.7598e+00,
          -6.6284e-02,  2.7100e-01],
         ...,
         [-3.7930e+00,  2.9781e+01,  3.2750e+01,  ..., -3.4766e-01,
           3.0273e-01, -1.4766e+00],
         [ 1.3156e+01,  4.1969e+01,  1.4172e+01,  ...,  9.7229e-02,
           7.9053e-01, -3.4863e+00],
         [ 1.2367e+01,  3.0625e+01,  4.9656e+01,  ...,  2.5586e+00,
          -1.5308e-01, -5.9668e-01]]], device='cuda:0', dtype=torch.float16)
====== model.layers.20.self_attn.q_proj
tensor([[[ -2.0508,  -1.1943,   1.1865,  ...,   2.6152,  -0.2489,  -1.9639],
         [-16.0938, -12.6094,   7.3828,  ...,  13.7969,  -3.7188,  -7.7305],
         [-12.1797,  -9.7969,   6.9102,  ...,  12.1484,  -2.5781,  -3.9551],
         ...,
         [-21.1562, -14.6406,  -5.9688,  ...,  11.6250,  -2.4004,  -7.0078],
         [-19.9375, -14.4766,  10.0000,  ...,  12.3125,  -4.6406,  -6.3711],
         [-10.5938,  -6.4023,   5.8438,  ...,  10.6250,  -4.7422,  -6.2383]]],
       device='cuda:0', dtype=torch.float16)
====== model.layers.20.self_attn.k_proj
tensor([[[  0.0190,   0.0269,   0.0460,  ...,  10.4609,  -1.5508,  -1.4414],
         [ -8.3203, -17.5938,  10.2266,  ...,   4.2930,  -2.3652,  -1.9971],
         [-10.0078, -13.9609,   4.3047,  ...,   5.2383,  -6.2695,   0.1476],
         ...,
         [-11.1250, -16.3125,   4.8984,  ...,   8.8438,  -8.0312,  -3.0371],
         [ -8.0469, -14.8047,   4.0312,  ...,   5.4570,  -8.3984,  -0.7422],
         [ -9.3672, -14.3828,   1.7754,  ...,   3.7773,  -7.8203,   5.0039]]],
       device='cuda:0', dtype=torch.float16)
====== model.layers.20.self_attn.v_proj
tensor([[[ 1.1230, -0.0162,  0.0701,  ...,  0.0573, -0.1204,  0.0075],
         [ 3.5234,  1.4336,  1.0547,  ..., -0.8301, -1.8506, -0.4900],
         [ 2.0059, -1.2998, -3.6719,  ...,  1.6621,  3.5645,  2.9277],
         ...,
         [ 3.8594,  1.9922, -3.1504,  ..., -3.7363, -0.0704, -2.8770],
         [ 5.6602,  0.4001, -4.4727,  ..., -3.9883,  3.8223,  2.1250],
         [ 1.2344, -2.0625, -7.1875,  ...,  0.6548,  1.0742,  4.3906]]],
       device='cuda:0', dtype=torch.float16)
====== model.layers.20.self_attn.o_proj
tensor([[[-0.0985,  2.8594,  0.5391,  ...,  0.2048,  0.2561, -0.5059],
         [ 1.1113,  2.1191,  1.5859,  ...,  0.0311,  0.3083, -1.5098],
         [ 0.5059,  2.0195,  2.6484,  ...,  0.3743, -0.6069, -0.7612],
         ...,
         [-0.0524,  0.5376,  1.1328,  ..., -0.0574, -0.2881, -0.6436],
         [-1.3291,  2.5098,  0.4958,  ..., -1.4365,  1.2295, -1.9893],
         [-0.6152,  1.2910,  1.7305,  ..., -1.8350,  2.0195, -1.5518]]],
       device='cuda:0', dtype=torch.float16)
====== model.layers.20.post_attention_layernorm
tensor([[[ 1.3574e-01,  1.2672e-04,  2.0386e-02,  ..., -5.7869e-03,
          -2.8717e-02, -3.2806e-02],
         [ 2.1561e-02,  7.6294e-05, -1.7402e+00,  ...,  1.9541e+00,
          -1.7896e-01, -7.7539e-01],
         [-2.3346e-03,  1.0586e-04, -8.4912e-01,  ...,  9.0186e-01,
          -3.2520e-01, -2.6221e-01],
         ...,
         [-8.8867e-01,  8.2374e-05, -1.3047e+00,  ..., -1.5613e-01,
          -7.6437e-04, -8.2861e-01],
         [ 2.4531e+00,  1.4031e-04, -5.6494e-01,  ..., -6.1475e-01,
           7.7197e-01, -2.1367e+00],
         [ 2.4414e+00,  9.3937e-05, -1.9287e+00,  ...,  4.4022e-03,
           8.1445e-01, -8.8818e-01]]], device='cuda:0', dtype=torch.float16)
====== model.layers.20.mlp.gate_proj
tensor([[[-0.3904, -0.2189, -0.4285,  ...,  0.3113,  0.2318,  0.1290],
         [ 3.3535,  1.7598,  1.5381,  ..., -2.0488, -1.5166, -1.7236],
         [ 3.1523,  2.6992,  2.9180,  ...,  0.4680, -1.0459, -2.1523],
         ...,
         [ 3.5547,  0.5122,  1.9375,  ..., -2.3008,  0.6152, -1.8281],
         [ 2.4648,  3.2930,  1.4082,  ..., -2.5703, -2.3887, -3.7500],
         [ 2.7051,  2.5176,  1.3818,  ..., -0.4897, -1.8438, -3.4961]]],
       device='cuda:0', dtype=torch.float16)
====== model.layers.20.mlp.up_proj
tensor([[[ 0.1090, -0.0444,  0.2079,  ...,  0.0173, -0.1641, -0.0640],
         [-2.6797,  0.7979, -1.4307,  ..., -2.0078,  1.2695, -0.1864],
         [-2.2305,  1.2217, -2.1562,  ..., -0.3086, -1.4385,  0.6758],
         ...,
         [-2.6523, -1.3047, -1.8701,  ...,  0.0917,  0.7915,  1.4209],
         [-2.7754, -2.4473, -2.5488,  ..., -2.9023, -1.4141, -2.9434],
         [-3.0000, -0.1904, -3.3652,  ..., -2.5547, -2.0098, -2.1172]]],
       device='cuda:0', dtype=torch.float16)
====== model.layers.20.mlp.down_proj
tensor([[[-0.0922, -0.1052,  0.2505,  ..., -0.0603,  0.0080,  0.0120],
         [-1.8076, -3.2207,  3.0137,  ...,  0.2947, -2.5859, -0.5112],
         [-2.4160, -2.1504,  7.1836,  ...,  0.0569, -0.3350, -1.4551],
         ...,
         [-0.6860, -0.0644,  6.1055,  ...,  0.4858, -0.1978,  0.1050],
         [ 1.6084, -1.1973,  0.4038,  ..., -0.4116,  1.1816, -0.3296],
         [ 0.6079, -2.8203,  2.7207,  ..., -0.7534, -1.8916, -2.6074]]],
       device='cuda:0', dtype=torch.float16)
====== model.layers.20
tensor([[[ 1.6391e+01,  4.6650e+02, -1.2859e+01,  ..., -7.1094e-01,
          -3.7441e+00, -4.3086e+00],
         [-1.7686e+00,  9.6680e-01,  1.9703e+01,  ...,  3.5684e+00,
          -2.9355e+00, -2.0352e+00],
         [-2.4199e+00,  3.8848e+00,  1.5641e+01,  ...,  1.6260e+00,
          -9.9365e-01, -1.9902e+00],
         ...,
         [-2.7969e+00,  5.8672e+00,  2.2516e+01,  ...,  1.4282e-01,
          -1.9971e-01, -2.0293e+00],
         [ 7.4609e+00,  8.9453e+00,  7.5352e+00,  ..., -1.7676e+00,
           3.1621e+00, -5.8555e+00],
         [ 5.8828e+00,  3.3281e+00,  2.4766e+01,  ..., -7.4463e-01,
           9.7656e-04, -4.6875e+00]]], device='cuda:0', dtype=torch.float16)
====== model.layers.21.input_layernorm
tensor([[[ 6.9971e-01,  4.1875e+01, -4.1089e-01,  ..., -1.9501e-02,
          -9.0881e-02, -1.0455e-01],
         [-4.4844e+00,  5.1562e+00,  3.7406e+01,  ...,  5.8203e+00,
          -4.2344e+00, -2.9355e+00],
         [-5.7734e+00,  1.9500e+01,  2.7938e+01,  ...,  2.4941e+00,
          -1.3486e+00, -2.7012e+00],
         ...,
         [-5.6562e+00,  2.4953e+01,  3.4094e+01,  ...,  1.8567e-01,
          -2.2961e-01, -2.3340e+00],
         [ 1.4742e+01,  3.7156e+01,  1.1148e+01,  ..., -2.2461e+00,
           3.5527e+00, -6.5781e+00],
         [ 1.3023e+01,  1.5500e+01,  4.1031e+01,  ..., -1.0596e+00,
           1.2293e-03, -5.8984e+00]]], device='cuda:0', dtype=torch.float16)
====== model.layers.21.self_attn.q_proj
tensor([[[ 9.6875e-01, -9.2871e-01, -4.1064e-01,  ...,  8.4424e-01,
          -4.5593e-02,  6.7676e-01],
         [-3.9727e+00, -3.2469e+01, -2.6641e+01,  ..., -3.6133e+00,
           7.4883e+00, -2.2695e+00],
         [ 1.3672e+00, -5.4844e+01, -1.9531e+01,  ...,  2.6758e+00,
           3.0391e+00,  5.1074e-01],
         ...,
         [-4.2344e+00, -7.5625e+00, -2.0469e+01,  ...,  3.0996e+00,
          -5.8887e-01, -4.4629e-01],
         [ 3.7915e-01, -2.0281e+01, -3.2676e+00,  ...,  7.8369e-01,
           2.9023e+00,  4.7046e-01],
         [-8.8965e-01, -2.7438e+01, -1.2992e+01,  ...,  2.3555e+00,
           5.7852e+00, -1.4072e+00]]], device='cuda:0', dtype=torch.float16)
====== model.layers.21.self_attn.k_proj
tensor([[[-0.0556,  0.2839, -0.2178,  ...,  3.8086, -0.8027,  0.9097],
         [-3.2656,  6.6055,  5.4375,  ...,  3.0234,  3.1758,  3.0898],
         [-2.8594, 10.0391,  1.7607,  ...,  9.1562,  2.0195,  0.5034],
         ...,
         [-3.1172, 11.8516,  6.3320,  ..., -0.9316,  7.2188,  2.2422],
         [-2.8555, 23.7656, -0.2195,  ...,  7.5938,  1.7900,  2.4824],
         [-5.4375, 11.7812,  3.8691,  ...,  5.1992,  1.0527,  0.3508]]],
       device='cuda:0', dtype=torch.float16)
====== model.layers.21.self_attn.v_proj
tensor([[[ 0.1857,  0.1276,  0.0510,  ..., -0.0463,  0.0762,  0.0748],
         [ 8.1641,  3.4629,  7.3125,  ...,  1.9316, -2.8203,  0.4104],
         [ 1.6855,  1.1768,  9.8125,  ..., -2.1875, -2.8945, -0.5752],
         ...,
         [ 2.6113,  9.4062, -7.8711,  ...,  4.4453, -2.8711, -1.9707],
         [-0.0156,  2.7500,  0.7065,  ..., -0.9434, -3.6758,  3.8652],
         [ 4.4844, -7.0508, -2.4082,  ..., -5.8477, -0.6050,  2.9883]]],
       device='cuda:0', dtype=torch.float16)
====== model.layers.21.self_attn.o_proj
tensor([[[-0.5874,  1.8301,  1.2188,  ..., -0.4312, -0.2300,  0.0869],
         [ 0.6133,  1.0557,  1.3633,  ..., -0.8472,  0.3691, -0.3572],
         [ 0.8901,  0.8350,  0.3181,  ..., -1.2959,  0.4167,  0.7266],
         ...,
         [ 1.2168, -1.3027,  3.0723,  ..., -1.7705,  0.9312,  2.4727],
         [ 2.9570, -2.0273,  2.8516,  ..., -1.9834, -0.1014,  3.4434],
         [ 4.5742, -2.4844,  3.8164,  ..., -0.6509,  2.7344,  5.7148]]],
       device='cuda:0', dtype=torch.float16)
====== model.layers.21.post_attention_layernorm
tensor([[[ 0.1309,  3.5508,  0.0099,  ..., -0.0108, -0.0334, -0.0327],
         [-0.5410,  0.8677, -1.0107,  ...,  1.4521, -1.2188, -1.0469],
         [-0.6621,  1.8691, -0.7080,  ...,  0.1628, -0.2534, -0.5107],
         ...,
         [-0.5425,  1.4346, -0.9009,  ..., -0.6367,  0.2549,  0.1422],
         [ 3.3223,  2.0195, -0.3396,  ..., -1.3623,  0.9902, -0.7183],
         [ 3.3125,  0.2446, -0.9282,  ..., -0.5039,  0.8789,  0.3040]]],
       device='cuda:0', dtype=torch.float16)
====== model.layers.21.mlp.gate_proj
tensor([[[-0.6860, -0.3750, -0.8130,  ...,  0.5767,  0.2917,  0.5308],
         [ 4.8516,  1.7520,  3.8730,  ..., -0.9136, -2.8047, -1.7832],
         [ 6.3125,  1.8320,  4.9609,  ..., -2.5215, -2.7754, -2.7539],
         ...,
         [ 4.7656,  0.3064,  2.1191,  ..., -1.1289, -2.7793, -1.0469],
         [ 3.5098,  1.1328,  4.7695,  ..., -0.6592, -2.2832, -0.9756],
         [ 4.3867,  0.3357,  4.1328,  ...,  2.0605, -2.7363, -2.3984]]],
       device='cuda:0', dtype=torch.float16)
====== model.layers.21.mlp.up_proj
tensor([[[ 0.1042,  0.2220, -0.0270,  ..., -0.0862, -0.0241,  0.1747],
         [-3.8027, -3.3613,  1.0352,  ..., -0.2422,  3.4004,  1.2168],
         [-0.1787, -1.2500,  0.2220,  ...,  0.6714,  3.2031, -0.8413],
         ...,
         [-3.6777, -4.1914,  2.4414,  ...,  3.5684,  0.3303, -0.6646],
         [-2.1953, -2.1387,  4.3398,  ..., -0.5337,  0.8184,  0.5625],
         [-2.8496, -1.5986,  2.7773,  ..., -0.6709,  2.3379,  1.4883]]],
       device='cuda:0', dtype=torch.float16)
====== model.layers.21.mlp.down_proj
tensor([[[-9.9487e-02, -1.8982e-02,  1.2720e-01,  ..., -8.1787e-03,
          -7.7271e-02, -2.3758e-02],
         [ 1.4561e+00, -4.5195e+00,  8.3047e+00,  ..., -1.0498e+00,
          -7.3877e-01, -6.7480e-01],
         [ 5.7764e-01, -3.0156e+00,  9.9453e+00,  ..., -2.7661e-01,
           7.5000e-01,  3.3105e+00],
         ...,
         [ 2.8887e+00, -2.9004e+00,  3.6543e+00,  ...,  3.2949e+00,
           1.1562e+00, -1.7295e+00],
         [ 9.6631e-01, -3.8770e+00,  1.2842e+00,  ..., -2.1738e+00,
           2.0889e-02,  3.8242e+00],
         [ 1.8760e+00, -3.7930e+00,  4.9727e+00,  ..., -1.5107e+00,
          -1.2734e+00,  2.0215e+00]]], device='cuda:0', dtype=torch.float16)
====== model.layers.21
tensor([[[ 1.5703e+01,  4.6825e+02, -1.1516e+01,  ..., -1.1504e+00,
          -4.0508e+00, -4.2461e+00],
         [ 3.0078e-01, -2.4961e+00,  2.9375e+01,  ...,  1.6709e+00,
          -3.3047e+00, -3.0664e+00],
         [-9.5166e-01,  1.7031e+00,  2.5906e+01,  ...,  5.3467e-02,
           1.7285e-01,  2.0469e+00],
         ...,
         [ 1.3086e+00,  1.6621e+00,  2.9250e+01,  ...,  1.6670e+00,
           1.8877e+00, -1.2861e+00],
         [ 1.1391e+01,  3.0410e+00,  1.1672e+01,  ..., -5.9219e+00,
           3.0820e+00,  1.4121e+00],
         [ 1.2328e+01, -2.9492e+00,  3.3562e+01,  ..., -2.9062e+00,
           1.4609e+00,  3.0488e+00]]], device='cuda:0', dtype=torch.float16)
====== model.layers.22.input_layernorm
tensor([[[ 8.1445e-01,  4.4500e+01, -5.4688e-01,  ..., -3.1097e-02,
          -1.0016e-01, -1.0138e-01],
         [ 7.2363e-01, -1.1000e+01,  6.4688e+01,  ...,  2.0957e+00,
          -3.7891e+00, -3.3945e+00],
         [-2.1465e+00,  7.0352e+00,  5.3500e+01,  ...,  6.2805e-02,
           1.8579e-01,  2.1250e+00],
         ...,
         [ 2.6074e+00,  6.0625e+00,  5.3312e+01,  ...,  1.7305e+00,
           1.7920e+00, -1.1787e+00],
         [ 2.1234e+01,  1.0375e+01,  1.9906e+01,  ..., -5.7500e+00,
           2.7363e+00,  1.2109e+00],
         [ 2.3016e+01, -1.0078e+01,  5.7375e+01,  ..., -2.8262e+00,
           1.2998e+00,  2.6191e+00]]], device='cuda:0', dtype=torch.float16)
====== model.layers.22.self_attn.q_proj
tensor([[[ -0.9302,   0.1986,   2.3496,  ...,  -0.5063,  -1.0146,   1.3320],
         [  1.0449, -13.2891,  16.9219,  ...,  -2.4141,  -3.4141,  -2.7578],
         [ -0.3347,  16.7656,   5.4258,  ...,  -3.1914, -10.2188,  -0.3977],
         ...,
         [  0.0949, -13.1641, -10.2344,  ...,   1.5020,  -7.9180,  -0.1204],
         [ -2.4609, -21.3438, -18.2656,  ...,   3.8281,  -5.1680,  -2.8379],
         [  1.9326,   2.5469,  -1.5811,  ...,   1.2275,   0.3699,  -3.9492]]],
       device='cuda:0', dtype=torch.float16)
====== model.layers.22.self_attn.k_proj
tensor([[[-9.6083e-04, -7.6709e-01,  2.2430e-03,  ..., -7.0068e-01,
          -4.9766e+00,  8.0176e-01],
         [ 8.3130e-02,  3.0605e+00,  4.4189e-01,  ..., -1.5430e+00,
          -5.4648e+00,  5.4932e-01],
         [ 1.1025e+00,  1.6709e+00,  3.9355e-01,  ..., -2.8223e+00,
          -1.3781e+01, -1.1240e+00],
         ...,
         [ 4.0156e+00, -2.3906e+00,  4.9146e-01,  ...,  1.4343e-01,
          -7.4062e+00, -3.5371e+00],
         [ 8.9966e-02,  4.2461e+00, -2.0715e-01,  ..., -6.9297e+00,
          -5.2109e+00,  2.9062e+00],
         [-7.6709e-01,  9.1719e+00,  6.3672e-01,  ..., -1.6523e+00,
          -6.3750e+00,  2.6074e+00]]], device='cuda:0', dtype=torch.float16)
====== model.layers.22.self_attn.v_proj
tensor([[[-9.7046e-02,  2.8702e-02, -5.0903e-02,  ...,  2.6398e-03,
          -7.3975e-02,  1.7554e-01],
         [-6.0430e+00,  2.2832e+00, -8.3438e+00,  ..., -2.2755e-03,
           6.6064e-01, -8.1848e-02],
         [-3.7734e+00,  1.6094e+00,  5.7383e+00,  ..., -1.0980e-01,
          -1.2207e-01, -2.9316e+00],
         ...,
         [-1.5605e+00, -2.7480e+00, -5.5430e+00,  ..., -9.6289e-01,
          -1.5391e+00,  7.0898e+00],
         [-5.1055e+00,  3.0547e+00, -1.4004e+00,  ..., -3.2402e+00,
           6.5771e-01, -8.1797e+00],
         [-3.2344e+00,  1.5693e+00, -1.0869e+00,  ..., -2.1250e+00,
           6.0059e-01, -3.7695e+00]]], device='cuda:0', dtype=torch.float16)
====== model.layers.22.self_attn.o_proj
tensor([[[-0.9224,  1.6221, -0.5894,  ...,  0.1985, -0.2373, -0.1261],
         [-1.0225,  1.3652,  0.8213,  ..., -0.4766,  0.0575,  0.4448],
         [-0.0199,  0.6816,  0.9668,  ..., -0.3936, -1.0371, -1.6289],
         ...,
         [-2.5723, -1.0029,  6.3633,  ..., -1.2168, -1.9961, -2.3555],
         [-0.9312, -0.0140,  1.4639,  ..., -0.6333, -1.1836, -2.6875],
         [-0.9961, -0.2532,  0.3713,  ..., -2.3418, -2.2031, -0.1387]]],
       device='cuda:0', dtype=torch.float16)
====== model.layers.22.post_attention_layernorm
tensor([[[ 0.1323,  5.2031, -0.0082,  ..., -0.0091, -0.0384, -0.0373],
         [-0.2954, -0.5732,  0.9365,  ...,  0.5225, -1.3301, -1.0225],
         [-0.3647,  1.1084,  0.7632,  ..., -0.1364, -0.3245,  0.1494],
         ...,
         [-0.4045,  0.2615,  0.8638,  ...,  0.1539, -0.0347, -1.1113],
         [ 3.2578,  1.1670,  0.3096,  ..., -2.1797,  0.5908, -0.3784],
         [ 3.5488, -1.2422,  0.8047,  ..., -1.7559, -0.2324,  0.8677]]],
       device='cuda:0', dtype=torch.float16)
====== model.layers.22.mlp.gate_proj
tensor([[[-0.2115, -0.6797, -0.5708,  ...,  0.1109,  0.0927,  0.2568],
         [-0.7646,  3.2461,  1.6484,  ...,  0.6631, -3.7148, -1.0840],
         [ 0.3845,  6.3086,  4.7305,  ..., -1.6348, -2.6035, -2.8008],
         ...,
         [-1.8613,  4.0781,  1.1348,  ...,  0.4609, -2.0020, -3.3926],
         [ 0.7930,  3.2031,  3.7070,  ..., -1.2715, -3.6582, -1.9180],
         [ 0.8911,  4.6875,  2.0020,  ..., -1.6240, -3.2715, -2.8691]]],
       device='cuda:0', dtype=torch.float16)
====== model.layers.22.mlp.up_proj
tensor([[[-0.1774,  0.2412, -0.0098,  ..., -0.1519,  0.1451,  0.1776],
         [ 2.4141, -1.9121,  0.1974,  ..., -0.7705, -1.3047, -2.3184],
         [ 0.7163, -0.7515,  0.3291,  ..., -3.8223,  2.6641, -2.1055],
         ...,
         [-0.5522, -2.7832,  1.2695,  ...,  1.1533,  0.1742,  1.3672],
         [-0.1440, -0.4575,  2.2949,  ..., -1.3135, -0.2052, -1.7295],
         [-3.4512, -1.8984,  1.7881,  ..., -2.8535, -0.7964,  0.2922]]],
       device='cuda:0', dtype=torch.float16)
====== model.layers.22.mlp.down_proj
tensor([[[-3.8177e-02,  8.3496e-02,  1.0138e-01,  ..., -7.2098e-03,
          -6.1401e-02,  4.6661e-02],
         [ 2.2034e-01, -2.4824e+00,  6.8242e+00,  ..., -6.1475e-01,
          -3.6133e+00,  2.4688e+00],
         [-8.7207e-01, -1.6074e+00,  1.1758e+01,  ...,  1.4600e+00,
           2.4941e+00, -1.6357e+00],
         ...,
         [-5.7227e-01,  4.5837e-02,  1.2602e+01,  ...,  4.6641e+00,
           3.0840e+00,  9.7900e-01],
         [ 1.1016e+00, -6.9385e-01,  2.9961e+00,  ..., -2.4961e+00,
           1.4395e+00,  2.6953e-01],
         [-7.2949e-01,  2.5977e-01,  2.8125e+00,  ...,  1.9297e+00,
           2.6230e+00, -1.2295e+00]]], device='cuda:0', dtype=torch.float16)
====== model.layers.22
tensor([[[ 1.4742e+01,  4.6975e+02, -1.2000e+01,  ..., -9.5947e-01,
          -4.3516e+00, -4.3242e+00],
         [-5.0146e-01, -3.6133e+00,  3.7031e+01,  ...,  5.7959e-01,
          -6.8594e+00, -1.5234e-01],
         [-1.8438e+00,  7.7734e-01,  3.8625e+01,  ...,  1.1201e+00,
           1.6299e+00, -1.2178e+00],
         ...,
         [-1.8359e+00,  7.0508e-01,  4.8219e+01,  ...,  5.1133e+00,
           2.9766e+00, -2.6621e+00],
         [ 1.1562e+01,  2.3340e+00,  1.6125e+01,  ..., -9.0469e+00,
           3.3379e+00, -1.0059e+00],
         [ 1.0602e+01, -2.9434e+00,  3.6750e+01,  ..., -3.3203e+00,
           1.8809e+00,  1.6807e+00]]], device='cuda:0', dtype=torch.float16)
====== model.layers.23.input_layernorm
tensor([[[ 7.1436e-01,  3.8875e+01, -8.0664e-01,  ..., -2.6154e-02,
          -1.1548e-01, -1.1584e-01],
         [-9.9658e-01, -1.2273e+01,  1.0206e+02,  ...,  6.4795e-01,
          -7.4648e+00, -1.6736e-01],
         [-3.1270e+00,  2.2539e+00,  9.0875e+01,  ...,  1.0703e+00,
           1.5156e+00, -1.1426e+00],
         ...,
         [-2.7969e+00,  1.8350e+00,  1.0188e+02,  ...,  4.3867e+00,
           2.4824e+00, -2.2422e+00],
         [ 1.8469e+01,  6.3711e+00,  3.5719e+01,  ..., -8.1328e+00,
           2.9199e+00, -8.8770e-01],
         [ 1.7141e+01, -8.1328e+00,  8.2438e+01,  ..., -3.0215e+00,
           1.6660e+00,  1.5020e+00]]], device='cuda:0', dtype=torch.float16)
====== model.layers.23.self_attn.q_proj
tensor([[[ -1.5820,  -0.0937,  -0.4714,  ...,  -1.2236,  -1.2822,   0.8521],
         [ -1.2617,   6.5273,   0.7158,  ...,  -0.1080,  -6.0898,   3.9941],
         [  6.9141,  -0.1489,  -1.3066,  ...,  -1.4512,  -5.1523,   4.5898],
         ...,
         [  4.3477,   9.9688,   1.4648,  ..., -10.1797,  -0.1724,   3.1855],
         [  0.6094,  -1.3818,  -1.8291,  ...,  -3.4238,  -4.3164,   0.2373],
         [ -5.0820,   0.9624,  -2.1465,  ...,  -3.5293,  -4.9062,   0.7925]]],
       device='cuda:0', dtype=torch.float16)
====== model.layers.23.self_attn.k_proj
tensor([[[ -0.0250,  -0.2798,   0.1312,  ...,  -1.8115,  -6.4609,  -2.9102],
         [ -1.7871,   7.4531,  11.2812,  ...,  21.2188,   2.1660, -15.0156],
         [ -0.2310,  -1.8916,  10.5078,  ...,   7.3789,  -5.4922,  -1.7197],
         ...,
         [  0.1292,   2.1836,   0.6606,  ...,  14.9453,  14.5703,  -1.0762],
         [  3.7832,  -8.7734,   9.0781,  ...,   4.1875, -17.9688,   1.0322],
         [  6.4648,  -3.7383,  15.1562,  ...,  16.5000,  -7.7852,  -1.7490]]],
       device='cuda:0', dtype=torch.float16)
====== model.layers.23.self_attn.v_proj
tensor([[[-7.4463e-02, -8.1726e-02, -4.2328e-02,  ..., -8.6548e-02,
          -1.2744e-01, -3.1433e-02],
         [ 9.2969e-01,  2.0215e+00, -3.0098e+00,  ...,  1.1238e-02,
          -9.7891e+00, -1.2883e+01],
         [ 5.5029e-01, -7.4102e+00, -1.6797e+00,  ...,  2.6641e+00,
           6.1875e+00,  4.3086e+00],
         ...,
         [ 5.0000e+00, -6.1406e+00, -9.3384e-02,  ...,  1.1846e+00,
          -6.0586e+00, -6.5156e+00],
         [ 5.7852e+00, -7.4336e+00,  7.9531e+00,  ...,  1.6172e+00,
          -7.7500e+00, -6.8984e+00],
         [ 2.5059e+00, -9.8047e+00, -4.4492e+00,  ..., -2.5537e-01,
           3.3105e+00, -2.7612e-01]]], device='cuda:0', dtype=torch.float16)
====== model.layers.23.self_attn.o_proj
tensor([[[-0.6553,  2.9492, -0.7437,  ..., -0.0667,  0.1170, -0.4839],
         [-0.6787,  2.2559,  2.3828,  ...,  1.1270,  0.4746, -0.3506],
         [ 0.9277,  1.2900,  5.1797,  ...,  0.2318, -0.2634,  0.6753],
         ...,
         [ 0.1936, -0.4302,  2.4062,  ...,  3.9023,  1.9180,  0.3140],
         [ 0.5439,  2.3867, -3.3066,  ...,  1.4775,  2.1191,  0.1958],
         [-3.6465,  2.5391, -0.0833,  ...,  3.6230,  4.4062, -2.2910]]],
       device='cuda:0', dtype=torch.float16)
====== model.layers.23.post_attention_layernorm
tensor([[[ 0.1335,  6.2383,  0.0130,  ..., -0.0100, -0.0391, -0.0427],
         [-0.4434, -0.7100, -1.5908,  ...,  0.6582, -2.3379, -0.1770],
         [-0.2856,  0.8965, -1.4668,  ...,  0.4324,  0.4150, -0.1583],
         ...,
         [-0.4534,  0.1055, -1.5000,  ...,  2.5508,  1.3164, -0.6064],
         [ 3.5430,  1.9209, -0.4028,  ..., -2.2715,  1.5547, -0.2218],
         [ 1.9951, -0.1613, -1.1289,  ...,  0.0891,  1.7578, -0.1639]]],
       device='cuda:0', dtype=torch.float16)
====== model.layers.23.mlp.gate_proj
tensor([[[ 0.0139, -0.0693, -0.3652,  ...,  0.2739,  0.1862,  0.3999],
         [ 2.6680,  2.1621,  2.7891,  ..., -1.6309, -0.4099,  2.4102],
         [ 1.8711,  1.9932,  6.2734,  ..., -6.6328, -3.2734, -0.1489],
         ...,
         [ 1.6738,  1.6289,  3.0938,  ..., -3.4219, -2.8066,  0.7969],
         [ 0.6782,  1.6797,  3.7422,  ..., -4.9766, -4.3516,  1.7764],
         [ 2.4336,  1.6787,  3.4688,  ..., -4.5430, -3.2227,  0.1188]]],
       device='cuda:0', dtype=torch.float16)
====== model.layers.23.mlp.up_proj
tensor([[[ 0.0920,  0.1417, -0.0473,  ..., -0.2100, -0.0259,  0.2710],
         [-0.3655, -0.1284,  0.1418,  ..., -3.7910, -0.1649,  0.5659],
         [-0.9697, -2.0391,  0.9800,  ..., -2.5312,  0.7930, -1.4004],
         ...,
         [-1.6250, -0.1826, -0.7046,  ..., -2.7676,  0.3201, -0.2964],
         [-0.5103, -2.4727, -1.0010,  ..., -3.8574,  0.7261, -0.2177],
         [ 0.1378, -3.3066,  0.2340,  ..., -1.7422,  0.4434, -0.4084]]],
       device='cuda:0', dtype=torch.float16)
====== model.layers.23.mlp.down_proj
tensor([[[ 7.6752e-03,  3.1519e-01,  1.1475e-01,  ..., -1.1930e-03,
           5.4413e-02, -1.9485e-02],
         [ 8.6572e-01, -2.2520e+00,  5.3359e+00,  ..., -4.5391e+00,
          -9.1064e-01,  3.4609e+00],
         [ 6.7920e-01, -9.5752e-01,  1.3758e+01,  ..., -1.5537e+00,
           3.5187e-02, -2.2773e+00],
         ...,
         [-1.2793e+00, -5.6836e-01,  6.8359e+00,  ...,  1.6836e+00,
          -3.2837e-01, -1.0083e-01],
         [-1.1924e+00, -1.9990e+00,  3.0781e+00,  ..., -4.8242e+00,
          -2.6387e+00, -1.1377e+00],
         [-1.9287e+00,  1.3408e+00,  1.0547e+01,  ..., -2.5527e+00,
          -2.1230e+00,  3.2251e-01]]], device='cuda:0', dtype=torch.float16)
====== model.layers.23
tensor([[[ 1.4094e+01,  4.7300e+02, -1.2625e+01,  ..., -1.0273e+00,
          -4.1797e+00, -4.8281e+00],
         [-3.1396e-01, -3.6094e+00,  4.4750e+01,  ..., -2.8320e+00,
          -7.2930e+00,  2.9570e+00],
         [-2.3682e-01,  1.1094e+00,  5.7562e+01,  ..., -2.0215e-01,
           1.4014e+00, -2.8203e+00],
         ...,
         [-2.9219e+00, -2.9346e-01,  5.7469e+01,  ...,  1.0703e+01,
           4.5664e+00, -2.4492e+00],
         [ 1.0914e+01,  2.7188e+00,  1.5898e+01,  ..., -1.2391e+01,
           2.8184e+00, -1.9473e+00],
         [ 5.0234e+00,  9.3652e-01,  4.7188e+01,  ..., -2.2500e+00,
           4.1641e+00, -2.8784e-01]]], device='cuda:0', dtype=torch.float16)
====== model.layers.24.input_layernorm
tensor([[[ 1.0693e+00,  3.4750e+01, -5.6201e-01,  ..., -3.1860e-02,
          -1.3110e-01, -1.4856e-01],
         [-8.6182e-01, -9.5859e+00,  7.2000e+01,  ..., -3.1777e+00,
          -8.2734e+00,  3.2910e+00],
         [-5.1270e-01,  2.3242e+00,  7.3062e+01,  ..., -1.7871e-01,
           1.2539e+00, -2.4746e+00],
         ...,
         [-6.1211e+00, -5.9570e-01,  7.0625e+01,  ...,  9.1641e+00,
           3.9570e+00, -2.0801e+00],
         [ 2.4172e+01,  5.8281e+00,  2.0656e+01,  ..., -1.1211e+01,
           2.5801e+00, -1.7490e+00],
         [ 1.0289e+01,  1.8574e+00,  5.6688e+01,  ..., -1.8828e+00,
           3.5254e+00, -2.3901e-01]]], device='cuda:0', dtype=torch.float16)
====== model.layers.24.self_attn.q_proj
tensor([[[-6.9482e-01, -2.4824e+00, -4.1328e+00,  ...,  1.0918e+00,
           2.2354e-02,  1.5244e+00],
         [-2.6035e+00, -1.9672e+01,  8.4531e+00,  ..., -7.9141e+00,
          -1.1445e+01,  1.7062e+01],
         [ 4.5625e+00, -2.9250e+01,  6.4805e+00,  ...,  6.8281e+00,
          -1.4977e+01,  1.7969e+01],
         ...,
         [-2.5703e+00,  2.7598e+00,  7.8320e+00,  ..., -1.2781e+01,
          -1.3414e+01,  1.3109e+01],
         [ 1.1699e+00,  1.4250e+01,  2.7734e+01,  ..., -7.0977e+00,
          -2.0109e+01,  2.7578e+01],
         [ 1.0430e+01,  2.6672e+01,  3.2906e+01,  ..., -5.0195e+00,
          -2.3766e+01,  2.0016e+01]]], device='cuda:0', dtype=torch.float16)
====== model.layers.24.self_attn.k_proj
tensor([[[ 3.7251e-03,  2.6562e+00,  1.8037e+00,  ...,  6.0703e+00,
          -8.7734e+00,  1.4727e+01],
         [ 1.9984e+01, -1.3057e+00,  1.3555e+01,  ...,  1.4404e+00,
          -2.3375e+01,  1.2531e+01],
         [ 1.5789e+01, -2.9248e-01,  1.4164e+01,  ...,  1.0420e+00,
          -8.2764e-01,  1.7559e+00],
         ...,
         [ 1.6906e+01,  1.8625e+01,  2.7156e+01,  ..., -3.0312e+00,
          -1.4555e+01,  6.7305e+00],
         [ 2.9188e+01,  1.6312e+01,  2.8000e+01,  ...,  1.0047e+01,
          -2.7391e+01, -1.7688e+01],
         [ 2.2219e+01,  2.8750e+01,  1.0625e+01,  ...,  3.1211e+00,
           3.6182e-01, -1.2445e+01]]], device='cuda:0', dtype=torch.float16)
====== model.layers.24.self_attn.v_proj
tensor([[[ -0.0281,  -0.0613,   0.0992,  ...,   0.2839,  -0.1159,  -0.1500],
         [  0.8701,   1.1768,  -2.5254,  ...,  -5.8281,  -4.3516,  -1.7637],
         [  3.9766, -11.3125,  -0.5737,  ...,  -3.5195,   3.0840,   0.4199],
         ...,
         [ -2.4062,   2.9922, -10.7266,  ...,  -7.2188,  -7.3750,  12.4141],
         [  4.8633,  -1.7754, -15.0312,  ..., -13.4844,   8.1875,   7.4688],
         [  1.9219,  -8.4297, -15.3359,  ...,   1.0889,   2.9785,   3.6562]]],
       device='cuda:0', dtype=torch.float16)
====== model.layers.24.self_attn.o_proj
tensor([[[-0.9131,  3.4004,  9.6328,  ..., -0.0296,  0.1349,  0.6470],
         [-0.1188,  2.6934,  8.8594,  ..., -0.5908, -1.0566, -0.6934],
         [-0.3923,  2.3984, 16.1250,  ..., -0.8013, -0.6157, -1.8320],
         ...,
         [-2.9238, -1.3457, 16.8594,  ..., -0.7744,  0.9214, -3.5352],
         [-0.6670, -0.4966, 12.4609,  ...,  0.4661, -2.1504, -1.8164],
         [ 0.2454, -6.2969, 18.8281,  ..., -8.4609, -0.9883, -5.6055]]],
       device='cuda:0', dtype=torch.float16)
====== model.layers.24.post_attention_layernorm
tensor([[[ 1.3135e-01,  7.8750e+00, -2.3007e-04,  ..., -9.9487e-03,
          -3.7079e-02, -3.7323e-02],
         [-1.4709e-01, -5.1660e-01,  1.4075e-01,  ..., -1.0996e+00,
          -2.6152e+00,  6.9043e-01],
         [-1.6199e-01,  1.4990e+00,  1.4648e-01,  ..., -2.4451e-01,
           1.8652e-01, -1.0752e+00],
         ...,
         [-1.3643e+00, -6.3428e-01,  1.3391e-01,  ...,  2.1914e+00,
           1.1797e+00, -1.2529e+00],
         [ 2.6680e+00,  9.5996e-01,  5.6976e-02,  ..., -2.9336e+00,
           1.6016e-01, -8.7793e-01],
         [ 1.0938e+00, -1.8447e+00,  1.0577e-01,  ..., -2.1016e+00,
           6.0693e-01, -1.0967e+00]]], device='cuda:0', dtype=torch.float16)
====== model.layers.24.mlp.gate_proj
tensor([[[ 0.3574, -0.1056,  0.0322,  ...,  0.1893,  0.2654,  0.5303],
         [ 0.0689,  0.9946,  2.9238,  ..., -0.2585, -0.6494, -2.3145],
         [-1.9482,  1.3643,  7.9219,  ..., -4.2539, -3.9531, -4.7695],
         ...,
         [-0.4480,  0.5269,  2.2754,  ..., -4.9297, -1.1455, -2.8379],
         [-2.2871, -0.9038,  4.4180,  ..., -6.4570, -0.3574, -4.4492],
         [-2.1465,  1.2822,  1.9385,  ..., -5.3867, -1.9326, -5.9570]]],
       device='cuda:0', dtype=torch.float16)
====== model.layers.24.mlp.up_proj
tensor([[[-0.2808,  0.1086, -0.1537,  ..., -0.0679, -0.0965, -0.0980],
         [-0.2454, -0.7617,  2.7656,  ...,  2.1133,  1.3633, -0.6982],
         [-1.3643,  1.0332,  0.8618,  ...,  1.8193,  1.6484,  0.7603],
         ...,
         [-2.1230, -1.6621,  0.6763,  ...,  0.5400,  0.6450, -4.6875],
         [-2.6426,  1.1201,  1.6641,  ..., -0.2546, -2.3672,  0.7876],
         [-2.4922, -1.4873,  2.8418,  ..., -0.6924, -1.5273, -2.3438]]],
       device='cuda:0', dtype=torch.float16)
====== model.layers.24.mlp.down_proj
tensor([[[ 7.5417e-03,  3.0640e-01,  2.4609e-01,  ...,  1.7334e-01,
           6.7871e-02, -1.1371e-01],
         [ 2.3203e+00, -4.2422e+00,  2.4438e+01,  ..., -4.8657e-01,
           8.7793e-01, -1.4482e+00],
         [ 2.6406e+00, -3.6758e+00,  3.0516e+01,  ..., -1.5576e+00,
          -3.3750e+00, -4.2114e-01],
         ...,
         [-5.3613e-01, -6.2734e+00,  2.1984e+01,  ..., -5.0781e+00,
           7.7832e-01,  1.2412e+00],
         [-2.9062e+00, -5.4453e+00,  1.9734e+01,  ..., -1.7852e+00,
          -1.9990e+00, -5.7148e+00],
         [-4.0273e+00, -5.1172e+00,  1.6656e+01,  ..., -2.5938e+00,
          -4.4883e+00,  5.6946e-02]]], device='cuda:0', dtype=torch.float16)
====== model.layers.24
tensor([[[ 1.3188e+01,  4.7675e+02, -2.7461e+00,  ..., -8.8330e-01,
          -3.9746e+00, -4.2930e+00],
         [ 1.8877e+00, -5.1562e+00,  7.8062e+01,  ..., -3.9082e+00,
          -7.4727e+00,  8.1543e-01],
         [ 2.0117e+00, -1.6797e-01,  1.0419e+02,  ..., -2.5625e+00,
          -2.5898e+00, -5.0742e+00],
         ...,
         [-6.3789e+00, -7.9141e+00,  9.6312e+01,  ...,  4.8516e+00,
           6.2656e+00, -4.7422e+00],
         [ 7.3438e+00, -3.2227e+00,  4.8094e+01,  ..., -1.3703e+01,
          -1.3311e+00, -9.4766e+00],
         [ 1.2422e+00, -1.0477e+01,  8.2625e+01,  ..., -1.3305e+01,
          -1.3125e+00, -5.8359e+00]]], device='cuda:0', dtype=torch.float16)
====== model.layers.25.input_layernorm
tensor([[[ 1.2373e+00,  3.6594e+01, -6.8054e-02,  ..., -3.1555e-02,
          -1.4099e-01, -1.4917e-01],
         [ 5.1445e+00, -1.1508e+01,  5.6219e+01,  ..., -4.0547e+00,
          -7.7031e+00,  8.2324e-01],
         [ 4.1484e+00, -2.8345e-01,  5.6719e+01,  ..., -2.0117e+00,
          -2.0176e+00, -3.8750e+00],
         ...,
         [-1.2852e+01, -1.3055e+01,  5.1312e+01,  ...,  3.7227e+00,
           4.7773e+00, -3.5410e+00],
         [ 1.6438e+01, -5.9062e+00,  2.8469e+01,  ..., -1.1688e+01,
          -1.1270e+00, -7.8633e+00],
         [ 2.3066e+00, -1.5922e+01,  4.0531e+01,  ..., -9.4062e+00,
          -9.2188e-01, -4.0117e+00]]], device='cuda:0', dtype=torch.float16)
====== model.layers.25.self_attn.q_proj
tensor([[[ -1.8594,   2.5625,  -2.5625,  ...,  -1.7812,   3.0430,  -1.1240],
         [ -3.7871,  -0.9941,  -1.9248,  ..., -25.6250,   0.3330,   1.3740],
         [ -4.0859,   2.2793,  -5.7656,  ..., -18.0938,   2.0156,  -3.0664],
         ...,
         [  2.5371,  -5.4766,   0.7397,  ..., -26.2344,  -2.0957,   1.5596],
         [ -3.9668,  14.8281,  -3.5293,  ..., -28.8906,   1.3564,   7.1172],
         [ -5.5664,  17.0156,  -6.7969,  ..., -26.6406,  -1.6279,  11.3438]]],
       device='cuda:0', dtype=torch.float16)
====== model.layers.25.self_attn.k_proj
tensor([[[ 1.1438e-01,  2.4277e-02,  7.7344e-01,  ..., -8.9062e+00,
           9.2734e+00,  4.1094e+00],
         [-1.6531e+01, -1.1797e+00, -1.8252e+00,  ..., -2.1891e+01,
           3.2051e+00,  6.2227e+00],
         [-1.4758e+01, -9.0312e+00,  3.2910e+00,  ..., -3.8281e-01,
           1.9312e+01,  4.0820e+00],
         ...,
         [-1.3258e+01, -4.1875e+00,  6.9570e+00,  ..., -2.6859e+01,
          -4.9414e+00, -9.5859e+00],
         [-6.1562e+00,  4.6836e+00,  8.4219e+00,  ..., -3.8203e+00,
           2.4072e-01,  2.5078e+00],
         [-1.6006e+00, -8.2734e+00, -3.2153e-01,  ..., -1.6562e+00,
           2.2793e+00,  1.3105e+00]]], device='cuda:0', dtype=torch.float16)
====== model.layers.25.self_attn.v_proj
tensor([[[ 5.2368e-02, -1.0699e-01, -8.1635e-03,  ...,  9.2834e-02,
           1.0492e-01,  4.1089e-01],
         [ 1.1113e+00,  8.0859e+00,  8.0176e-01,  ..., -2.3625e+01,
           5.8887e-01, -1.5258e+01],
         [ 1.1664e+01, -3.7285e+00, -2.6641e+00,  ..., -7.9258e+00,
           2.4434e+00, -7.8984e+00],
         ...,
         [-3.1777e+00,  8.9141e+00,  4.8608e-01,  ...,  4.4844e+00,
          -6.1602e+00, -3.3105e+00],
         [-5.3945e+00,  4.1758e+00,  1.2148e+01,  ..., -1.7797e+01,
          -9.4219e+00,  3.5020e+00],
         [-5.0469e+00,  9.2578e+00,  5.2461e+00,  ...,  1.0059e+00,
          -4.5781e+00, -4.3359e+00]]], device='cuda:0', dtype=torch.float16)
====== model.layers.25.self_attn.o_proj
tensor([[[-0.7637,  7.1875, 13.4609,  ..., -0.9175,  0.4282, -0.6768],
         [-0.3784,  6.0625, 12.7812,  ..., -2.2129,  1.6221, -2.8691],
         [ 0.6631,  5.4570, 20.9062,  ..., -0.8120, -0.4753, -2.4707],
         ...,
         [-2.8594,  5.8672, 19.9375,  ...,  2.8418, -2.4688, -1.4277],
         [-1.7568,  6.3555,  9.4766,  ..., -7.1680, -1.4180, -2.9707],
         [ 0.9810,  4.2852, 14.3828,  ..., -5.0977, -1.7266, -5.5195]]],
       device='cuda:0', dtype=torch.float16)
====== model.layers.25.post_attention_layernorm
tensor([[[ 1.2964e-01,  1.5742e+01, -4.7684e-05,  ..., -1.6937e-02,
          -3.3356e-02, -4.4647e-02],
         [ 4.2310e-01,  7.9199e-01, -1.0841e-02,  ..., -1.5459e+00,
          -1.4785e+00, -4.9536e-01],
         [ 5.5518e-01,  3.4199e+00, -1.1063e-02,  ..., -6.3135e-01,
          -5.7324e-01, -1.3486e+00],
         ...,
         [-1.7520e+00, -1.2109e+00, -9.3842e-03,  ...,  1.3154e+00,
           6.4941e-01, -1.0068e+00],
         [ 1.2588e+00,  2.1992e+00, -5.5199e-03,  ..., -4.2383e+00,
          -5.5811e-01, -2.4121e+00],
         [ 3.9673e-01, -3.4434e+00, -7.3700e-03,  ..., -2.9609e+00,
          -4.8877e-01, -1.7441e+00]]], device='cuda:0', dtype=torch.float16)
====== model.layers.25.mlp.gate_proj
tensor([[[ 2.8174e-01,  1.4771e-01,  1.4832e-02,  ...,  9.8877e-02,
          -4.6570e-02, -1.4839e-03],
         [ 2.9834e-01,  5.3662e-01,  1.4648e-01,  ..., -5.6689e-01,
           1.5283e-01,  2.3574e+00],
         [-1.8984e+00,  3.7305e-01,  9.7168e-01,  ..., -3.6738e+00,
          -4.4873e-01, -1.1924e+00],
         ...,
         [-2.1348e+00,  3.9136e-01,  1.6436e+00,  ..., -1.7520e+00,
          -1.7939e+00, -1.9678e+00],
         [-1.1438e-01,  1.0693e+00,  1.6973e+00,  ..., -4.2109e+00,
          -3.6953e+00, -2.2266e+00],
         [-2.4902e+00,  1.7881e+00,  2.3652e+00,  ..., -5.3750e+00,
          -3.0859e+00, -1.5156e+00]]], device='cuda:0', dtype=torch.float16)
====== model.layers.25.mlp.up_proj
tensor([[[ 0.2085, -0.0128, -0.0932,  ..., -0.6079,  0.2722,  0.5854],
         [-1.1777, -1.7959,  0.5239,  ..., -0.8535, -0.8281, -0.0372],
         [ 1.4482, -1.0273, -1.8672,  ..., -1.2441,  1.4766, -0.7598],
         ...,
         [-0.9004, -2.6309,  2.7676,  ...,  2.3086,  0.3438, -0.0740],
         [-0.7739, -2.7715,  0.1819,  ..., -1.7715,  2.5879, -2.9766],
         [ 0.9771, -2.1133,  4.1289,  ..., -1.1953,  2.6484, -1.3330]]],
       device='cuda:0', dtype=torch.float16)
====== model.layers.25.mlp.down_proj
tensor([[[-9.0271e-02,  2.1570e-01, -5.0720e-02,  ..., -8.2031e-02,
           2.5116e-02,  1.2396e-01],
         [ 1.3975e+00, -7.4414e+00,  4.3812e+01,  ..., -6.2744e-01,
           1.2920e+00, -1.2236e+00],
         [-1.4365e+00, -1.5791e+00,  3.6031e+01,  ..., -2.7812e+00,
          -3.8989e-01, -2.4395e+00],
         ...,
         [ 1.3174e+00,  7.2070e-01,  2.6297e+01,  ...,  1.2891e+00,
           6.4102e+00,  3.5938e-01],
         [ 4.0195e+00, -8.0625e+00,  4.8719e+01,  ..., -2.4844e+00,
          -1.5264e+00, -5.2656e+00],
         [ 6.5586e+00, -2.3574e+00,  3.8375e+01,  ...,  1.1826e+00,
          -2.0234e+00, -3.1738e+00]]], device='cuda:0', dtype=torch.float16)
====== model.layers.25
tensor([[[ 12.3281, 484.2500,  10.6719,  ...,  -1.8828,  -3.5215,  -4.8438],
         [  2.9062,  -6.5352, 134.7500,  ...,  -6.7500,  -4.5586,  -3.2773],
         [  1.2393,   3.7109, 161.1250,  ...,  -6.1562,  -3.4551,  -9.9844],
         ...,
         [ -7.9180,  -1.3262, 142.5000,  ...,   8.9844,  10.2031,  -5.8125],
         [  9.6094,  -4.9297, 106.2500,  ..., -23.3594,  -4.2773, -17.7188],
         [  8.7812,  -8.5469, 135.3750,  ..., -17.2188,  -5.0625, -14.5312]]],
       device='cuda:0', dtype=torch.float16)
====== model.layers.26.input_layernorm
tensor([[[  1.2393,  43.0312,   0.2086,  ...,  -0.0690,  -0.1283,  -0.1823],
         [  6.4023, -12.7344,  57.7500,  ...,  -5.4219,  -3.6387,  -2.7031],
         [  2.2129,   5.8594,  55.9688,  ...,  -4.0078,  -2.2363,  -6.6758],
         ...,
         [-13.2188,  -1.9561,  46.2188,  ...,   5.4688,   6.1719,  -3.6309],
         [ 18.4375,  -8.3594,  39.6250,  ..., -16.3438,  -2.9727, -12.7266],
         [ 14.1719, -12.1953,  42.5000,  ..., -10.1406,  -2.9609,  -8.7812]]],
       device='cuda:0', dtype=torch.float16)
====== model.layers.26.self_attn.q_proj
tensor([[[ 1.1631e+00, -1.0461e-01, -1.4316e+00,  ..., -2.7715e+00,
           9.8450e-02, -1.7383e+00],
         [-1.7559e+00,  7.9004e-01, -3.6602e+00,  ..., -1.2641e+01,
           4.1406e+00, -9.2422e+00],
         [-2.8105e+00, -2.5098e-01,  2.4646e-01,  ..., -1.3289e+01,
           2.4512e+00,  1.2617e+00],
         ...,
         [ 3.8452e-01,  3.0098e+00, -5.3281e+00,  ..., -2.6922e+01,
           3.6865e-01, -1.3234e+01],
         [-5.1270e-01,  2.4902e+00, -7.7197e-01,  ..., -2.4656e+01,
          -6.8008e+00, -1.4344e+01],
         [-1.5840e+00, -1.0508e+00, -6.1264e-03,  ..., -2.3516e+01,
          -6.3086e+00, -1.1297e+01]]], device='cuda:0', dtype=torch.float16)
====== model.layers.26.self_attn.k_proj
tensor([[[ -0.1583,   0.0410,   0.0409,  ..., -10.5547,   9.2969,  -9.7422],
         [ -0.8906,   6.5352,  -8.2031,  ...,   0.2932,  -7.6602,   2.6758],
         [  3.1289,   0.7954,   8.1641,  ...,  -0.6733,  -1.8936,  -3.6602],
         ...,
         [  5.6055,   2.9980,   3.0508,  ...,  -4.0000, -24.8438,  13.9297],
         [  7.2383,   9.1094,   2.5918,  ...,  -2.6543, -17.4219,   8.2344],
         [  5.9297,  10.0859,  10.5703,  ...,   8.3594, -14.3203,   5.1914]]],
       device='cuda:0', dtype=torch.float16)
====== model.layers.26.self_attn.v_proj
tensor([[[ -0.0975,  -0.2292,   0.1633,  ...,  -0.2205,  -0.2477,  -0.3911],
         [ -7.1719,  -2.2617, -10.2734,  ...,  -2.2129,  -4.6719, -14.0781],
         [  4.9492, -11.3906,  -5.5000,  ...,  -1.7539,  -0.2612,   6.0469],
         ...,
         [ -3.6875,   2.1094,  -1.6416,  ...,  12.6094,  -9.5859, -14.5938],
         [ -3.0977,   2.2246,   6.8359,  ...,  -7.3555, -12.5156, -16.8906],
         [  4.9805,  -0.1123,   8.5312,  ...,   6.7852, -12.3281,  -1.5615]]],
       device='cuda:0', dtype=torch.float16)
====== model.layers.26.self_attn.o_proj
tensor([[[-0.7949,  5.0820,  4.2070,  ..., -0.1008,  0.2881, -0.1632],
         [-0.6289,  6.4492,  7.7852,  ..., -0.6509, -0.7837, -0.0751],
         [-1.5391,  2.3184, 22.3281,  ..., -0.5234, -0.6191, -1.4150],
         ...,
         [-0.9956, -0.8604,  4.6875,  ..., -2.2520,  2.8438, -0.1859],
         [-0.2625,  5.0625, 16.5000,  ..., -1.8193,  1.0742, -1.1826],
         [ 0.9512,  5.1055, 19.1250,  ..., -4.1367,  4.3477,  2.0566]]],
       device='cuda:0', dtype=torch.float16)
====== model.layers.26.post_attention_layernorm
tensor([[[ 1.2976e-01,  6.3312e+01,  1.0231e-02,  ..., -1.8692e-02,
          -3.0487e-02, -4.6265e-02],
         [ 5.7129e-01, -2.4792e-01,  2.1855e+00,  ..., -1.5547e+00,
          -1.1230e+00, -6.9043e-01],
         [-5.7739e-02,  1.3359e+01,  2.1621e+00,  ..., -1.0781e+00,
          -6.5771e-01, -1.8047e+00],
         ...,
         [-1.6357e+00, -4.6172e+00,  1.6533e+00,  ...,  1.0352e+00,
           2.0059e+00, -9.0430e-01],
         [ 1.9658e+00,  3.2129e-01,  1.5801e+00,  ..., -4.4375e+00,
          -5.6445e-01, -3.2676e+00],
         [ 1.6670e+00, -6.7773e+00,  1.6182e+00,  ..., -3.0645e+00,
          -1.0260e-01, -1.7559e+00]]], device='cuda:0', dtype=torch.float16)
====== model.layers.26.mlp.gate_proj
tensor([[[-0.0859,  0.1064, -0.2788,  ..., -0.1475,  0.3149, -0.0739],
         [ 3.9590,  0.8735,  6.3047,  ...,  0.4243, -1.3193, -0.5269],
         [ 3.2129,  0.3616,  8.3359,  ..., -5.4883,  0.0195, -1.6602],
         ...,
         [ 2.1855,  1.1553,  6.9336,  ..., -3.8125, -1.9531, -3.8516],
         [ 4.1602, -0.3428,  8.1406,  ..., -1.9170,  0.9512, -2.1016],
         [ 4.6406,  0.3738,  8.3438,  ..., -4.9648,  1.3096, -2.9102]]],
       device='cuda:0', dtype=torch.float16)
====== model.layers.26.mlp.up_proj
tensor([[[-0.8223,  0.0683, 17.6406,  ...,  0.0223, -0.7559, -0.4341],
         [ 5.1250, -2.5469,  0.4714,  ...,  0.8047,  0.2620, -3.7324],
         [ 5.8086, -2.9473,  4.0625,  ..., -1.8066,  0.8105,  1.1504],
         ...,
         [ 3.3457, -0.0484, -1.5869,  ..., -3.7734, -2.3340, -2.7480],
         [ 5.0586,  0.4727,  0.3066,  ..., -2.0215, -1.7998,  2.3281],
         [ 2.9023, -1.2295, -1.6934,  ..., -2.0000, -1.7666,  2.8203]]],
       device='cuda:0', dtype=torch.float16)
====== model.layers.26.mlp.down_proj
tensor([[[-5.7656e+00,  1.4338e+02, -1.3602e+01,  ...,  3.5195e+00,
          -5.6348e-01,  2.2969e+00],
         [ 2.7285e+00, -1.4758e-01,  2.4266e+01,  ..., -1.1592e+00,
          -1.1211e+00,  1.7002e+00],
         [-1.9697e+00, -5.9062e+00,  4.0594e+01,  ...,  2.2070e+00,
          -1.3066e+00, -7.8955e-01],
         ...,
         [ 4.4375e+00, -1.3550e-01,  3.6312e+01,  ..., -2.5137e+00,
           3.8965e+00, -5.7031e-01],
         [-3.9531e+00, -1.1709e+00,  3.9094e+01,  ..., -5.2148e-01,
          -6.8359e-01,  1.7949e+00],
         [-6.1953e+00, -5.5156e+00,  2.5000e+01,  ...,  1.0205e+00,
           6.5352e+00,  5.5352e+00]]], device='cuda:0', dtype=torch.float16)
====== model.layers.26
tensor([[[ 5.7656e+00,  6.3250e+02,  1.2734e+00,  ...,  1.5361e+00,
          -3.7969e+00, -2.7109e+00],
         [ 5.0078e+00, -2.3352e-01,  1.6675e+02,  ..., -8.5625e+00,
          -6.4648e+00, -1.6514e+00],
         [-2.2695e+00,  1.2500e-01,  2.2412e+02,  ..., -4.4727e+00,
          -5.3828e+00, -1.2188e+01],
         ...,
         [-4.4766e+00, -2.3223e+00,  1.8350e+02,  ...,  4.2188e+00,
           1.6938e+01, -6.5703e+00],
         [ 5.3906e+00, -1.0381e+00,  1.6188e+02,  ..., -2.5688e+01,
          -3.8867e+00, -1.7109e+01],
         [ 3.5391e+00, -8.9531e+00,  1.7950e+02,  ..., -2.0344e+01,
           5.8203e+00, -6.9414e+00]]], device='cuda:0', dtype=torch.float16)
====== model.layers.27.input_layernorm
tensor([[[ 4.0723e-01,  8.9312e+01,  4.4312e-02,  ...,  7.7698e-02,
          -1.9385e-01, -1.4453e-01],
         [ 7.0391e+00, -6.5674e-01,  1.1556e+02,  ..., -8.6250e+00,
          -6.5742e+00, -1.7539e+00],
         [-2.3457e+00,  2.5854e-01,  1.1425e+02,  ..., -3.3105e+00,
          -4.0234e+00, -9.5156e+00],
         ...,
         [-4.7070e+00, -4.8828e+00,  9.5125e+01,  ...,  3.1777e+00,
           1.2891e+01, -5.2188e+00],
         [ 6.3789e+00, -2.4570e+00,  9.4438e+01,  ..., -2.1766e+01,
          -3.3242e+00, -1.5289e+01],
         [ 3.5547e+00, -1.7984e+01,  8.8812e+01,  ..., -1.4633e+01,
           4.2266e+00, -5.2656e+00]]], device='cuda:0', dtype=torch.float16)
====== model.layers.27.self_attn.q_proj
tensor([[[ 6.0986e-01,  6.6162e-01, -6.6699e-01,  ..., -8.4766e+00,
           1.3438e+00, -1.8356e-02],
         [-2.0234e+00,  1.9910e-01, -1.1318e+00,  ...,  2.3926e+00,
           3.8501e-01,  1.9734e+01],
         [-6.5352e+00, -3.4277e+00, -2.4863e+00,  ...,  4.8203e+00,
           8.4609e+00,  2.4516e+01],
         ...,
         [-1.2422e+01, -9.5547e+00, -5.5000e+00,  ...,  5.0195e+00,
           2.8770e+00,  2.7219e+01],
         [-1.5086e+01,  2.2188e+00, -2.8809e-01,  ...,  6.5039e+00,
           8.2275e-01,  2.6031e+01],
         [-2.0766e+01, -1.0586e+01,  1.5723e+00,  ...,  6.4414e+00,
           3.0898e+00,  3.7531e+01]]], device='cuda:0', dtype=torch.float16)
====== model.layers.27.self_attn.k_proj
tensor([[[-6.3965e-02, -4.1931e-02,  1.2492e+01,  ...,  1.7012e+00,
           4.6289e+00,  8.5391e+00],
         [-1.2492e+01, -6.7422e+00, -8.5469e+00,  ...,  3.2051e+00,
           3.5254e+00,  8.6719e+00],
         [ 8.4922e+00, -3.9453e+00, -4.4031e+01,  ..., -3.5410e+00,
           1.4461e+01,  6.0156e+00],
         ...,
         [ 1.5250e+01, -3.3875e+01, -4.7188e+01,  ..., -6.9844e+00,
           1.1781e+01,  6.0400e-01],
         [ 4.1016e+00, -1.7000e+01, -2.4297e+01,  ...,  7.8613e-01,
           7.8398e+00,  7.6836e+00],
         [ 2.1422e+01, -3.0500e+01, -5.6531e+01,  ...,  6.0791e-01,
           1.3477e+01, -5.2031e+00]]], device='cuda:0', dtype=torch.float16)
====== model.layers.27.self_attn.v_proj
tensor([[[-1.6455e-01,  5.8008e-01,  2.1530e-02,  ...,  4.4098e-02,
           1.6899e-03, -3.6230e-01],
         [ 3.3594e+00,  1.3584e+00, -1.3008e+01,  ...,  1.5439e+00,
          -9.6973e-01, -8.3828e+00],
         [-6.9609e+00, -2.0488e+00,  3.8047e+00,  ..., -6.3184e-01,
          -5.3027e-01,  5.2227e+00],
         ...,
         [-1.3070e+01,  3.4023e+00, -1.0283e+00,  ..., -5.7539e+00,
           7.9688e+00,  1.2188e+01],
         [ 6.0938e-01, -1.4750e+01,  3.8379e+00,  ..., -8.3047e+00,
          -1.2480e+00,  3.4551e+00],
         [-2.4902e-01, -1.6250e+01,  1.4148e+01,  ..., -1.6859e+01,
           6.2930e+00,  3.9648e+00]]], device='cuda:0', dtype=torch.float16)
====== model.layers.27.self_attn.o_proj
tensor([[[-5.3711e-01,  9.2224e-02,  1.4125e+01,  ..., -1.0730e-01,
          -3.1348e-01, -4.4287e-01],
         [-4.3506e-01,  2.4268e-01,  1.5375e+01,  ..., -1.6467e-01,
          -3.5913e-01, -9.2969e-01],
         [-2.0059e+00, -1.9812e-01,  1.2992e+01,  ..., -8.2321e-03,
          -8.9746e-01, -1.9395e+00],
         ...,
         [ 1.6621e+00, -1.3193e+00, -1.0742e+01,  ...,  3.6035e+00,
           4.4688e+00, -3.9902e+00],
         [ 5.2344e+00, -1.8252e+00,  1.3782e-01,  ..., -4.4492e+00,
          -9.1113e-01,  3.0234e+00],
         [ 2.7520e+00, -2.5352e+00, -1.7672e+01,  ...,  2.7324e+00,
           4.1562e+00, -3.9863e+00]]], device='cuda:0', dtype=torch.float16)
====== model.layers.27.post_attention_layernorm
tensor([[[ 7.5500e-02,  4.8600e+02,  2.7939e-02,  ...,  1.7685e-02,
          -5.1910e-02, -3.7872e-02],
         [ 1.2559e+00,  1.3379e-01,  6.2773e+00,  ..., -2.0547e+00,
          -1.6387e+00, -5.8936e-01],
         [-8.6621e-01, -7.8809e-01,  6.0312e+00,  ..., -7.7783e-01,
          -1.1133e+00, -2.3789e+00],
         ...,
         [-6.1572e-01, -4.2375e+01,  4.7461e+00,  ...,  1.4668e+00,
           4.0977e+00, -1.9219e+00],
         [ 2.4512e+00, -3.5156e+01,  4.6953e+00,  ..., -5.9609e+00,
          -9.6777e-01, -2.7012e+00],
         [ 1.2041e+00, -1.1700e+02,  3.8906e+00,  ..., -2.8906e+00,
           1.6709e+00, -1.7383e+00]]], device='cuda:0', dtype=torch.float16)
====== model.layers.27.mlp.gate_proj
tensor([[[ 6.8633, -3.1289,  0.2688,  ..., -0.1412, -2.1074, -2.3242],
         [10.1719,  4.5273, -1.4619,  ..., -2.0664, -1.4834, -2.9844],
         [16.0000,  7.3438, -2.3691,  ..., -5.0586, -1.0742, -2.1816],
         ...,
         [ 8.4531,  1.6660, -1.7188,  ..., -6.2148, -4.4375, -3.2754],
         [ 6.9492,  1.2197, -8.3516,  ..., -2.0508, -3.0918, -3.7012],
         [ 5.9258,  1.3584, -4.1914,  ..., -4.4102, -2.1309, -3.7578]]],
       device='cuda:0', dtype=torch.float16)
====== model.layers.27.mlp.up_proj
tensor([[[-1.7754,  1.4189, -1.9824,  ...,  0.8477,  4.5039,  1.3242],
         [-2.9219, -0.0237,  1.0225,  ..., -0.4219, -1.1523,  0.6401],
         [-6.0469, -0.9736, -1.2188,  ...,  0.0659, -0.5024, -1.6543],
         ...,
         [-3.7695, -2.8301,  2.9414,  ...,  1.3965, -0.6753, -6.4766],
         [-1.7275, -3.1289, -0.2136,  ...,  3.1855, -4.1250, -3.5645],
         [-1.9736, -2.6055,  0.1140,  ...,  2.2969, -5.1133, -6.5195]]],
       device='cuda:0', dtype=torch.float16)
====== model.layers.27.mlp.down_proj
tensor([[[ 1.0912e+02, -5.1850e+02,  1.4900e+02,  ..., -2.4766e+01,
           2.3156e+01,  2.2938e+01],
         [-9.5898e-01,  1.5250e+01, -9.4688e+01,  ..., -3.8574e-01,
          -9.9170e-01,  8.2129e-01],
         [ 4.6356e-02,  8.1016e+00, -1.4500e+01,  ...,  7.5623e-02,
          -1.5049e+00,  6.5967e-01],
         ...,
         [ 7.4023e+00, -3.3906e+01, -2.0550e+02,  ...,  5.3125e+00,
          -9.4688e+00, -3.8926e+00],
         [-2.5312e+00, -2.2516e+01, -1.8562e+02,  ...,  1.2070e+00,
          -4.3398e+00, -6.3867e+00],
         [ 1.7285e+00, -6.5625e+01, -1.8038e+02,  ...,  4.7148e+00,
          -1.1516e+01, -9.1172e+00]]], device='cuda:0', dtype=torch.float16)
====== model.layers.27
tensor([[[114.3750, 114.0000, 164.3750,  ..., -23.3438,  19.0469,  19.7812],
         [  3.6152,  15.2578,  87.4375,  ...,  -9.1094,  -7.8164,  -1.7607],
         [ -4.2266,   8.0312, 222.6250,  ...,  -4.4062,  -7.7852, -13.4688],
         ...,
         [  4.5859, -37.5625, -32.7500,  ...,  13.1328,  11.9375, -14.4531],
         [  8.0938, -25.3750, -23.6250,  ..., -28.9375,  -9.1406, -20.4688],
         [  8.0156, -77.1250, -18.5000,  ..., -12.8906,  -1.5391, -20.0469]]],
       device='cuda:0', dtype=torch.float16)
====== model.norm
tensor([[[  5.1133,  19.8281,  -0.2134,  ...,  -0.9360,   0.8013,   0.8184],
         [  1.6396,  26.9219,  -1.1504,  ...,  -3.7031,  -3.3340,  -0.7383],
         [ -0.9492,   7.0117,  -1.4502,  ...,  -0.8872,  -1.6445,  -2.7969],
         ...,
         [  1.4307, -45.5625,   0.2964,  ...,   3.6719,   3.5000,  -4.1680],
         [  2.3652, -28.8281,   0.2003,  ...,  -7.5859,  -2.5117,  -5.5312],
         [  1.7021, -63.6875,   0.1140,  ...,  -2.4551,  -0.3074,  -3.9355]]],
       device='cuda:0', dtype=torch.float16)
====== lm_head
tensor([[[  3.6660,   3.8301,   3.7188,  ...,   1.7012,   1.7012,   1.7012],
         [  7.3477,   8.3672,   6.4609,  ...,   0.4224,   0.4224,   0.4224],
         [  4.6680,   9.6406,  11.5156,  ...,   3.8320,   3.8320,   3.8320],
         ...,
         [-10.1562,  -3.3359,  -5.2383,  ...,  -2.0723,  -2.0723,  -2.0723],
         [  1.5859,  -3.8086,  -5.8008,  ...,  -1.5645,  -1.5645,  -1.5645],
         [ -1.6162,  -0.9277,  -7.2656,  ...,  -0.2620,  -0.2620,  -0.2620]]],
       device='cuda:0', dtype=torch.float16)
====== model.embed_tokens.weight
tensor([[-0.0093,  0.0337, -0.0747,  ...,  0.0120, -0.0106,  0.0160],
        [ 0.0320,  0.0238, -0.0593,  ..., -0.0023, -0.0349,  0.0090],
        [ 0.0267,  0.0339, -0.0198,  ..., -0.0099,  0.0063,  0.0226],
        ...,
        [ 0.0060,  0.0131,  0.0190,  ...,  0.0020,  0.0075,  0.0057],
        [ 0.0060,  0.0131,  0.0190,  ...,  0.0020,  0.0075,  0.0057],
        [ 0.0060,  0.0131,  0.0190,  ...,  0.0020,  0.0075,  0.0057]],
       device='cuda:0', dtype=torch.float16)
====== model.layers.0.input_layernorm.rstd (eps=1e-06)
tensor([84.3597, 35.2985, 32.5796, 37.4241, 80.8725, 32.5796, 84.3597, 33.5403,
        32.5796], device='cuda:0')
[ref] logits.shape : (1, 9, 151936)
[ref] next token   : 151667  ('<think>')
[ref] top-5        : 151667:31.469, 151644:21.109, 151668:20.969, 2784:20.438, 151645:20.219
[ref] dumped 285 tensors.
